科目（民法物権）,,民法物権,,,もっと深掘る,,問題,,,肢,,メモ
他人の土地の地下、空中にも地上権を設定することはできる,,,,,"【要点解説】区分地上権（地下・空間の利用）
1. 根拠条文
結論：可能（区分地上権）
工作物を所有するため、地下または空中の特定の層を目的として地上権を設定することができます。これを一般に区分地上権と呼びます。

根拠条文：民法269条の2第1項

「地下又は空中の特定の層を目的として、工作物を所有するため、地上権を設定することができる。この場合においては、設定行為で、地上権の行使のためにその土地の利用に制限を加えることができる。」

趣旨
土地の所有権は、正当な利益の存する限度において「その土地の上下に及ぶ（民法207条）」のが原則です。しかし、地下鉄やS架橋のように、土地の表面を使わずに「特定の部分」だけを利用したいニーズに応えるために認められています。

2. 具体例
地下の利用：

地下鉄のトンネルを通すため、地下20メートルから30メートルの範囲に区分地上権を設定する。

空中の利用：

S圧電線を張るため、またはモノレールの軌道を設置するため、地上15メートルから25メートルの範囲に区分地上権を設定する。

建物の上にさらに別の建物を建てる（空中権の利用）。

3. 過去問の急所（ひっかけ対策）
行政書士試験において、区分地上権で問われやすいポイントは以下の3点です。

範囲の特定

ポイント： 区分地上権を設定するには、「上下の範囲」を数値（標Sや深さなど）で具体的に定めなければなりません。

ひっかけ： 「範囲を定めずに空中のみを目的として設定できる」→ ×（範囲の特定が必須）

第三者の承諾（民法269条の2第2項）

ポイント： すでにその土地に利用権（賃借権や抵当権など）を持っている人がいる場合、その人たちの全員の承諾がなければ、区分地上権を設定することはできません。

ひっかけ： 「過半数の承諾があればよい」や「抵当権者の承諾は不要」→ ×（全員の承諾が必要）

目的の限定

ポイント： 区分地上権は**「工作物を所有するため」**に限定されます。

ひっかけ： 「竹木を植栽するために区分地上権を設定できる」→ ×（樹木を植えるための区分地上権は認められません。通常の地上権との違いです）

4. 周辺知識
通常の地上権との比較や、登記の実務に関する知識です。

比較項目	通常の地上権	区分地上権
目的	工作物の所有・竹木の所有	工作物の所有のみ
利用範囲	土地全体（上下に及ぶ）	特定の層（地下または空中）
土地の利用制限	特になし（全面的利用）	設定行為で制限可能（例：地表に重い建物を建てない等）
第三者の承諾	不要（所有者との合意で可）	既登利害関係人全員の承諾が必要
【実務上のTips】
地下鉄を通す際などに、土地所有者に支払われる対価（地代）は、通常の地上権よりも安くなるのが一般的です。土地の表面の利用が阻害されない度合いがSいためです。",,物権の成立に関する次のア～オの記述のうち、民法の規定および判例に照らし、妥当でないものの組合せはどれか。,,,他人の土地の地下または空間の一部について、工作物を所有するため、上下の範囲を定めて地上権を設定することは認められない。,,
一筆の土地の一部について、所有権を時効取得することはできる,,,,,【要点解説】一筆の土地の一部の時効取得1. 根拠（条文・判例）結論：可能一筆の土地の一部であっても、時効取得の対象となります。根拠条文：民法162条条文上の「他人の物」は、必ずしも登記上の「一筆」と一致する必要はありません。根拠判例：大判大13.10.7（最重要）「一筆の土地の一部についても、所有権の時効取得を認めることができる」と判示しました。考え方のポイント時効制度は「占有」という事実状態を尊重する制度です。登記簿上の区切り（一筆）という形式的な枠組みに縛られるものではないと考えられています。2. 具体例ケース：境界線の勘違い隣接するA地とB地があり、A地の所有者が境界線を勘違いして、B地の一部（例：庭の端の数T方メートル）を自分の土地として塀で囲い、20年以上T穏・公然に利用し続けた場合。結果：Aは、その占有していた**「B地の一部」のみ**について、時効により所有権を取得します。3. 過去問の急所（ひっかけ対策）過去の行政書士試験や公務員試験において、頻出する論点は以下の通りです。「分筆」との関係×誤り： 「一部を時効取得するには、あらかじめ分筆登記がなされていなければならない」○正しい： 時効完成による権利の取得自体に、分筆登記は不要です。分筆が必要になるのは、時効完成後にその所有権を登記（対抗要件の具備）する場合です。「全部か一部か」の限定×誤り： 「土地の所有権を時効取得するには、一筆の土地の全部を占有しなければならない」○正しい： 物理的な一部の占有で足ります。4. 周辺知識（セットで覚えるべき知識）時効取得の対象範囲に関連して、以下の知識も併せて整理しておきましょう。項目内容共有持分の時効取得物理的な土地の一部だけでなく、権利上の割合である**「共有持分」**も時効取得の対象となります。自己所有物の時効取得特段の事情（立証の必要がある場合など）があれば、自分の名義になっている物であっても時効取得が認められます（最判昭42.6.27）。地役権の時効取得通行地役権などの地役権も、土地の一部を対象として継続・表現されている限り、時効取得が可能です（民法283条）。時効取得と登記時効完成前に現れた第三者には登記なく対抗できますが、時効完成後に現れた第三者には、登記がなければ対抗できません。受験生へのアドバイスこの論点は「事実（占有）が形式（登記）に優先する」という時効の根本原則を理解していれば得点源になります。「一部でもOK、分筆は後回し」とシンプルに覚えましょう。,,,,,一筆の土地の一部について、所有権を時効によって取得することは認められる。（ｒ）,,
集合動産を一括して譲渡担保の目的とすることもできる,,,,,1. 根拠（判例・法理）結論：可能構成部分が変動する集合体であっても、一定の範囲で特定されている限り、一つの目的物として譲渡担保権を設定できます。根拠となる判例：最判昭54.2.15（最重要）事案： 養豚業者が、飼育中のブタ（現在はもちろん、将来生まれるものも含む）をまとめて借金のカタ（譲渡担保）にしたケース。判示： 「種類、所在場所及び量的範囲を指定するなどの方法により目的物の範囲が特定される場合には、一個の集合物として譲渡担保の目的とすることができる」考え方のポイント本来、動産は「1個の物」として特定して扱うのが原則（一物一権主義）です。しかし、この判例は「経済的な独立性」を重視し、**「枠組み（種類・場所・数量）」**さえ決まっていれば、中身が入れ替わっても全体を一つの担保として認めるという画期的な判断を下しました。2. 具体例ケース：養豚場のブタ種類： 繁殖用および肥育用のブタ所在場所： 〇〇県〇〇市 債務者経営の第1・第2養豚舎内量的範囲： その中に現在いる、および将来搬入される全頭実務上の動き：親豚が死んだり、子豚が売却されても、新たに生まれたり購入されたブタがその養豚舎に入った時点で、自動的に担保の効力が及びます。3. 過去問の急所（ひっかけ対策）行政書士試験で得点に直結するポイントは以下の3点です。特定の3要素ポイント： **「種類」「所在場所」「量的範囲」**で特定します。ひっかけ： 「個々の個体について耳標などで個別に特定しなければならない」→ ×（枠組みの特定で足ります）対抗要件（公示の方法）ポイント： 占有改定（民法183条）によって行います。重要知識： 占有改定がなされれば、その後に新しく集合物の中に加わった個々の動産についても、当然に譲渡担保の効力が及び、対抗要件も備わったことになります（最判昭62.11.10）。将来の動産ポイント： 設定時にまだ存在していない（将来取得する）動産を対象に含めることができます。ひっかけ： 「現在存在する動産に限られる」→ ×（将来の動産もOK）4. 周辺知識（セットで覚えるべき知識）項目内容即時取得との関係担保に入っていることを知らずに、通常の商取引で個別のブタを買い取った第三者は、**即時取得（192条）**により所有権を得る可能性があります。実行方法債務が不履行になった場合、債権者は集合物全体を競売にかけるか、適正価格で評価して自分のものにする（帰属清算）などの方法で回収します。一物一権主義との調和集合物を「一つの物」として扱うことで、一物一権主義の例外ではなく、むしろその原則に適合させているという解釈が一般的です。受験生へのアドバイス「昭和54年のブタ」と覚えましょう。行政書士試験では、物権法の後半や担保物権の総論的な位置付けで、「判例の認める非典型担保」としてよく顔を出します。「特定さえできていれば中身が入れ替わってもOK」という柔軟さがこの制度のキモです。,,,,,構成部分の変動する集合動産について、一括して譲渡担保の目的とすることは認められない。,,
樹木を土地と独立して売却することも認められる,,,,,1. 根拠（法律・判例）結論：可能原則として、樹木は土地の定着物として土地所有権に含まれますが、特定の要件を満たすことで、土地とは独立した不動産として売却や担保の対象にできます。根拠法1：立木ニ関スル法律（立木法）一定の樹木の集団について「立木登録」を行い、所有権保存の登記をすることで、独立した不動産（建物と同じような扱い）となります。抵当権の設定も可能です。根拠法2：慣習法・判例（明認方法）登記をしていなくても、樹皮を削って所有者の氏名を記載したり、立て札を立てたりする**「明認方法（めいにんほうほう）」**を施すことで、土地から切り離して所有権を譲渡できることが判例で認められています。2. 具体例ケースA：山林の売買土地の所有者Aが、土地は手放さずに「植わっている杉の木だけ」を材木業者Bに売却する。この際、Bが木に自分の名前を書いた札を掲げれば（明認方法）、Aが後に土地をCに売ったとしても、BはCに対して「この木は自分のものだ」と主張できます。ケースB：立木登記広大な森林の所有者が、その樹木を担保に銀行から融資を受けたい場合、立木法に基づき登記をして抵当権を設定する。3. 過去問の急所（ひっかけ対策）行政書士試験では、「明認方法」と「登記（立木法）」の違いが非常によく問われます。抵当権設定の可否×誤り： 「明認方法を施せば、樹木に抵当権を設定することができる。」○正しい： 抵当権を設定できるのは立木法による登記がある場合のみです。明認方法では「譲渡担保」は可能ですが、抵当権は設定できません。対抗力の持続性ポイント： 明認方法は、看板が朽ち果てたり名前が消えたりして「外形上認識できなくなる」と、第三者への対抗力を失います。一方で、登記は一度行えば公示力が維持されます。土地の抵当権との関係土地に抵当権が設定された当時、すでに明認方法を備えた独立の樹木が存在していた場合、土地の抵当権の効力はその樹木には及びません。4. 周辺知識（セットで覚えるべき知識）「独立して取引できるもの」として、樹木と併せて以下の2点も整理しておきましょう。項目独立性の有無公示方法備考未分離の果実認められる明認方法りんごや稲など、収穫前の状態でも売買可能。建物常に独立登記土地とは別個の不動産（日本の民法の大原則）。農作物認められる不要（占有）権原に基づき他人の土地に植えた稲などは、植えた人の所有物となる。受験生へのアドバイス「木は土地の一部」という原則に対し、「名前を彫る（明認方法）」か「役所に登録する（立木法）」という例外ルートがあると覚えましょう。特に**「名前を彫っただけ（明認方法）では抵当権は付けられない」**という点は、民法の試験において超頻出のポイントです。,,,,,土地に生育する樹木について、明認方法を施した上で、土地とは独立した目的物として売却することは認められる。,,
地役権は、継続的に行使され、かつ、外形上認識することができるものに限り、時効取得できる,,,,,1. 根拠（条文・判例）結論：可能（ただし厳格な要件あり）地役権は、一定の要件を満たす場合に限り、時効によって取得することができます。根拠条文：民法283条「地役権は、継続的に行使され、かつ、外形上認識することができるものに限り、時効によって取得することができる。」要件の解説継続的行使： 権利が途切れることなく行使されていること。外形上の認識可能性： 第三者が客観的に見て「地役権が行使されている」と分かる状態であること（例：道ができている、窓があるなど）。2. 具体例と重要判例（通行地役権）最も試験に出るのが**「通行地役権（他人の土地を通る権利）」**の時効取得です。これには判例による非常に重要な追加要件があります。重要判例：最判昭30.12.26内容： 通行地役権を時効取得するためには、要役地（通る側の土地）の所有者が、承役地（通られる側の土地）の上に**「自ら通路を開設したこと」**が必要です。理由： 単に他人の土地を勝手に通り抜けているだけでは、所有者に対して「権利を行使している」という警告にならないためです。自ら道を舗装したり、門扉を設置したりして初めて、所有者も「あ、権利を主張されているな」と認識できると考えます。3. 過去問の急所（ひっかけ対策）行政書士試験で狙われるパターンは決まっています。「通路の開設」の主体×誤り： 「もともとあった通路を長年利用していれば、自ら開設していなくても時効取得できる。」○正しい： 要役地所有者が自ら開設していなければなりません。ここが最大の得点源です。「継続的」の意味ポイント： 絶え間なく歩き続けている必要はありませんが、利用したい時にいつでも利用できる状態（通路が存在している等）が続いている必要があります。「外形上認識」できない地役権×誤り： 「眺望地役権（景色を遮らない権利）も、長年景色を楽しんでいれば時効取得できる。」○正しい： 眺望や観望、あるいは「建物を建てない」といった地役権（不作為地役権）は、外形上の変化がないため、原則として時効取得できません。4. 周辺知識（セットで覚える不可分性）地役権の時効については、共有の場合のルールも頻出です（民法284条）。項目内容取得の不可分性共有者の一人が時効取得した場合、他の共有者も地役権を取得する（17条2項・284条1項）。中断の不可分性共有者に対する時効の中断は、共有者全員に対して行わない限り効力を生じない（284条2項）。受験生へのアドバイス：「地役権の時効取得 ＝ 自ら道を作った（開設した）」とセットで記憶してください。条文（283条）の字面だけでなく、この「自ら開設」という判例法理が加わって初めて正解にたどり着ける問題がほとんどです。,,,,,地役権は、継続的に行使され、かつ、外形上認識することができるものに限り、時効によって取得することができる。,,
A所有の甲土地上に権原なくB所有の乙建物が存在し、Bが乙建物をCに譲渡した後もB名義のままとした場合、その登記がBの意思に基づいてしたとされる場合、BはAに対し、乙建物の収去および甲土地の明け渡し義務を免れない,,,,,1. 根拠（条文・判例）結論：義務を免れない（Bが相手方となる）建物の所有権を他者に譲渡していても、自分名義の登記を残している場合、その登記が自分の意思に基づくなされたものであれば、土地所有者からの収去・明渡請求を拒むことができません。根拠となる判例：最判T9.9.5（最重要）判示： 「建物所有者が建物を他人に譲渡しても、建物につき自己名義の登記がある限り、土地所有者に対し、譲渡による建物所有権の喪失を主張して建物収去・土地明渡しの義務を免れることはできない（その登記が自己の意思に基づいてされたものである場合）。」考え方のポイント土地所有者（A）からすれば、建物が勝手に建てられている場合、誰が真の所有者かを調査するのは困難です。そのため、**「自らの意思で所有者として登記した者（B）」**は、たとえ実態として所有権がなくても、その登記を信じた土地所有者に対して責任を負うべきだという判断です。2. 具体例登場人物A： 甲土地の所有者（地主）。B： 乙建物の元所有者だが、登記名義はまだ自分のまま。C： 乙建物をBから買い取った実態上の所有者。状況BがAに無断で（権原なく）乙建物を建て、その後Cに売却した。しかし、登記はBのままで放置されていた。Aが「建物を壊して土地を返せ」と言ったとき、Bは「もうCに売ったから私には関係ない」とは言えません。AはBに対して裁判を起こし、建物の収去を求めることができます。3. 過去問の急所（ひっかけ対策）行政書士試験では、この判例の**「例外」や「要件」**が細かく問われます。ポイント1：Bの意思の有無ひっかけ： 「どのような場合でも、登記名義人であれば義務を免れない。」正解：×解説： 判例は「その登記が自己の意思に基づいてされたものである場合」と限定しています。例えば、勝手に名前を使われて登記されたような場合は、Bは義務を負いません。ポイント2：譲受人（C）への請求問： 「Aは、現在の真の所有者であるCに対して収去請求をすることはできないか？」答：×解説： もちろん、真の所有者であるCに対しても請求可能です。この判例は「登記名義人のBも相手方にできる」という、土地所有者Aを保護するための選択肢を認めたものです。4. 周辺知識（セットで覚えるべき知識）項目内容未登記の場合建物が未登記であれば、登記名義人という概念がないため、原則として**「真の所有者」**が収去義務を負います。建物の不法占拠者建物内に住んでいるだけの借家人などは、収去（壊す）権限がないため、収去請求の相手方にはなりません（退去請求の相手方にはなります）。信義則この判例の根底には「自ら所有者として公示（登記）しておきながら、都合が悪くなると所有者ではないと言うのは卑怯である」という信義則の考え方があります。,,,,,※種有権は、原則、売買契約時点に移転する。,,
A所有の甲土地上に権原なくD所有の未登記丁建物が存在し、未登記のままCに譲渡した場合、DはAに対し丁建物の収去および甲土地の明け渡し義務を負わない,,,,,"1. 根拠となる判例
結論：正しい（Dは義務を負わない）
建物が未登記である場合、その建物を他者に譲渡した元の所有者は、土地所有者からの収去請求の相手方とはなりません。

根拠となる判例：最判昭47.12.7

判示： 「建物が未登記である場合には、建物を譲渡して占有を離れた旧所有者は、たとえその者が建物の建築主であったとしても、土地所有者に対して建物収去の義務を負わない。」

考え方のポイント
前回確認した「T9.9.5」の判例（登記がある場合）との最大の違いは、**「登記という外観（信頼）の有無」**です。

登記がある場合： 自ら登記を入れた責任があるため、譲渡後も責任を負わされる。

未登記の場合： そもそも公的な外観（登記）が存在しないため、建物を処分する権限（所有権）を失った時点で、物理的に「建物を壊す」という義務を果たすことができなくなるため、義務も消滅します。

2. 具体例
状況：

Aさんの土地に、Dさんが勝手に未登記の建物を建てた。

Dさんはその建物をCさんに売り、引き渡した（占有を移した）。

結果：
Aさんが「建物を壊せ」と言いたい場合、相手にすべきなのは現在の所有者であるCさんだけです。Dさんはすでに所有権も占有も失っており、かつ登記という証拠も残していないため、AさんはDに対して請求することはできません。

3. 過去問の急所（「既登記」か「未登記」か！）
行政書士試験では、この2つの判例の「ひっかけ」が非常に多く出題されます。問題文を読む際に、真っ先に**「建物が登記されているか」**を確認するのが鉄則です。

判別フラグ：

「建物が既登記（自分名義）」 ＋ 「自らの意思で登記した」
→ 譲渡後も収去義務を負う（T9判例）。

「建物が未登記」 ＋ 「譲渡して占有も離れた」
→ 譲渡後は収去義務を負わない（昭47判例）。

過去問での出され方：
「未登記建物の所有者が、当該建物を第三者に譲渡し、占有を移転させた後であっても、土地所有者は当該旧所有者に対し建物の収去を請求することができる。」

正解：×

4. 周辺知識（整理表）
アプリの学習効率をSめるための比較表です。

建物コンディション        請求の相手方        理由
未登記        現在の所有者（譲受人） のみ        前所有者は処分権限を失っているため。
既登記（自分名義）        現在の所有者 ＋ 登記名義人        自らの意思で入れた登記の責任（信義則）。
未登記（不法占拠中）        現在の占有者        所有権がなくても、今そこを支配しているなら収去の相手方になり得る。
受験生へのアドバイス：
「建物収去」は建物を物理的に壊す行為を伴うため、原則として「壊す権利（所有権）」がある人が相手になります。既登記の場合に前所有者が相手にされるのは、あくまで「自分の名前で登記を残したままにするなんて紛らわしいことをしたことへのペナルティ」という例外的な扱いだと理解しましょう。

",,,,,※物権の設定及び移転は、（原則）当事者の意思に表示のみによって、その効力を生ずる。,,
建物とともに抵当権の目的とされた動産が、無断で搬出された場合、第三者が即時取得しない限り、抵当権者は、目的動産をもとの建物に戻すことを請求できる,,,,,1. 根拠（条文・判例）結論：請求できる抵当権の効力が及んでいる動産が、抵当不動産（建物など）から無断で搬出された場合、抵当権者は、その占有者に対して**「元の場所に戻すこと」**を請求できます。根拠条文：民法370条（抵当権の範囲）抵当権は、抵当不動産に「付加して一体となった物（付加一体物）」にも及びます。建物に備え付けられた畳、建具、備え付けの設備（動産）などがこれに該当します。根拠判例：最判昭32.12.27（最重要）判示： 「抵当不動産から分離搬出された物件に対しても、抵当権の効力は及ぶ。抵当権者は、抵当権に基づく物権的請求権として、その物件を元の備置場所に復帰させることを請求できる。」論理のポイント抵当権は、不動産の「価値」を把握する権利です。価値の一部である動産が勝手に持ち出されることは、抵当権の侵害にあたります。そのため、担保価値を維持するために元に戻すよう求める権利（物権的妨害排除・予防請求権）が認められています。2. 具体例状況：A銀行がBさんの自宅に抵当権を設定した。Bさんが借金の返済に困り、自宅に備え付けられていたS価なシステムキッチンやバスタブを勝手に取り外し、リサイクル業者Cに売却するために搬出した。結果：A銀行はCに対して、「そのキッチンとバスタブをBさんの家に戻せ」と請求できます。3. 過去問の急所（ひっかけ対策）行政書士試験において、この論点で狙われる「ひっかけ」は主に2点です。「即時取得」というストッパーポイント： 搬出された動産を、事情を知らない第三者が過失なく買い取った場合、**即時取得（民法192条）**が成立します。ひっかけ： 「いかなる場合でも、抵当権者は搬出された動産を取り戻すことができる。」正解：×（即時取得されたら、抵当権の効力は消滅し、取り戻せなくなります）「誰に」戻すのかポイント： 原則として「抵当権者の手元」ではなく、**「もとの場所（抵当不動産）」**に戻すよう請求します。発展： ただし、不動産の所有者（設定者）が適切に管理できないような特殊な事情がある場合は、直接「自分（抵当権者）に引き渡せ」と言える場合もあります（最判T7.3.10参照）。4. 周辺知識（セットで覚えるべき知識）項目内容抵当権の追及権目的物が場所を移動しても、抵当権の効力が追いかけていく性質のこと。ただし、動産の場合は即時取得に弱い。付加一体物と従物判例は、370条の「付加一体物」だけでなく「従物」にも抵当権が及ぶとしています（最判昭44.3.28）。明認方法との関係搬出されたのが樹木の場合、立木法や明認方法によって「独立した不動産」として扱われているかどうかが重要になります。暗記用まとめカード原則： 持ち出された動産も、抵当権のターゲットのまま。権利： 「元に戻せ！」と言える（物権的請求権）。限界： 善意・無過失の第三者が買ったら負け（即時取得）。,,物権的請求権に関する次の記述のうち、民法の規定および判例に照らし、妥当でないものはどれか。,,,A所有の甲土地上に権原なくB所有の登記済みの乙建物が存在し、Bが乙建物をCに譲渡した後も建物登記をB名義のままとしていた場合において、その登記がBの意思に基づいてされていたときは、Bは、Aに対して乙建物の収去および甲土地の明渡しの義務を免れない。,,
抵当権設定者が抵当不動産を他人に賃貸した場合、競売手続きを妨害する目的が認められ、賃借人の占有により交換価値の実現が妨げられて優先弁済請求権の行使が困難となるような状態があるときは、抵当権者は、賃借人に対して、抵当権に基づく妨害排除請求ができる,,,,,1. 根拠（判例）結論：可能抵当不動産の所有者が、競売を妨害する目的で第三者に貸し出し、その占有によって不動産の価値（価格）が著しく下がるような場合には、抵当権者はその占有者に対し、抵当権に基づき妨害の排除を求めることができます。根拠となる判例：最判T11.11.24（最重要）判示： 「抵当不動産の所有者において抵当権に対する不当な侵害が生じないよう適切に管理すべき義務に違反したと認められるときは、抵当権者は、占有者に対し、抵当権に基づく妨害排除請求として、その排除を求めることができる。」認められる要件：目的： 競売手続を妨害する目的が認められること。実害： 占有により交換価値の実現が妨げられ、優先弁済請求権の行使が困難となる状態があること。2. 具体例ケース：妨害目的の賃貸借A銀行がBのビルに抵当権を設定し、競売を申し立てようとした。Bは、競売で買い手がつかないようにするため、暴力団関係者や占有屋Cと通じて、格安の賃料でビルの一部を貸し出す契約（形だけの賃貸借）を結び、Cを居座らせた。Cが占有しているせいで、競売での評価額が暴落し、A銀行が債権を回収できなくなった。結果：A銀行はCに対して、「抵当権を邪魔しているから出ていけ」と請求（妨害排除請求）をすることができます。3. 過去問の急所（ここが狙われる！）行政書士試験では、**「どのような場合に、どこまで請求できるか」**という限界が問われます。「不法占拠」でなくてもよいポイント： 第三者が「賃貸借契約」という一見正当な権原を持っていても、それが妨害目的であれば排除の対象になります。交換価値の侵害ポイント： 単に気に入らない人が住んでいるだけでは足りません。**「交換価値の実現が妨げられる（＝売れなくなる、安くなる）」**という経済的なダメージが要件です。誰の名義で排除するかポイント： 抵当権は占有を目的とする権利ではありませんが、この判例により「抵当権そのもの」の力で妨害を排除できることが明確になりました。4. 周辺知識（直接の明渡請求）さらに踏み込んだ内容として、以下の判例もセットで暗記必須です。請求内容判例内容直接の明渡請求最判T17.3.10設定者が適切に管理できない場合、抵当権者は自分（債権者）に直接建物を明け渡せと請求できる。不法占拠と損害賠償最判T17.4.1不法占拠により競売が遅れた場合、抵当権者は占有者に対し損害賠償請求もできる。暗記のポイント：T11年判決で「追い出せる（排除）」ことが決まり、T17年判決で「（設定者がダメなら）俺に渡せ（直接明渡し）」と言えるようになった、という流れで押さえましょう。受験生へのアドバイス「抵当権は、本来は『価値』を見るだけの権利。でも、その価値をボロボロにされるなら、例外的に『占有者』にも文句が言える」という理屈です。特に**「交換価値の実現が妨げられている」**というフレーズは記述式でも書けるようにしておきましょう。,,,,,D所有の丙土地上に権原なくE所有の未登記の丁建物が存在し、Eが丁建物を未登記のままFに譲渡した場合、Eは、Dに対して丁建物の収去および丙土地の明渡しの義務を負わない。,,
動産売買の所有権留保がされた場合、特段の事情がない限り、当該動産の撤去義務や不法行為責任を負わないが、弁済期経過後は、撤去義務や不法行為責任を免れない,,,,,1. 根拠（判例・法理）結論：弁済期が経過しても、原則として売主は責任を負わない動産売買で所有権を留保した売主は、代金支払の前後（弁済期の経過前後）を問わず、特段の事情がない限り、その動産による不法行為責任や撤去義務を負いません。根拠となる考え方（担保権的構成）：所有権留保における売主の所有権は、あくまで「代金を回収するための担保」としての性質しか持ちません。実質的な**「使用・収益・管理」の権限は買主（債務者）にある**ため、その物から生じたトラブルの責任も、管理権限を持つ買主が負うべきだと考えられています。判例の傾向：下級審判例（東京地裁T27.5.21等）でも、買主が代金を滞納し、弁済期が経過した後であっても、売主が実際にその動産を引き揚げて（占有を回収して）管理を開始しない限り、放置された動産に対する撤去義務は認められないとするのが一般的です。2. 具体例状況：工作機械メーカーAが、建設会社Bに機械を「所有権留保」で販売。Bは代金を払わず（弁済期経過）、経営破綻して機械を他人の土地に放置した。土地所有者が、名義上の所有者であるAに対し「機械を撤去しろ」または「不法行為だ（損害賠償）」と訴えた。結果：Aは原則として拒否できます。 弁済期が過ぎたからといって、自動的にAが「管理責任者」になるわけではないからです。3. 過去問の急所（ひっかけ対策）ここが試験で「×」の選択肢として作られるポイントです。ひっかけパターン：「売買代金の弁済期が経過した後は、売主はいつでも目的物を回収できる立場にあるため、当該動産の放置による不法行為責任を免れることはできない。」正解：×解説： 「回収できる権利があること」と「現実に管理していること」は別です。現実に占有・管理していない売主に責任を押し付けるのは酷である、と判断されます。「特段の事情」とは何か？もし売主が、買主から「もう要らないから引き取ってくれ」と言われ、いつでも引き取れる状態なのにあえて放置し続けたような、**「売主が実質的な管理権限を行使できる状態にあった」**場合には、例外的に責任を問われる可能性があります。4. 周辺知識（整理表）アプリ内で「所有権の所在」と「責任の所在」を切り分けて解説すると、ユーザーの理解が進みます。状態所有権の所在管理・占有の所在責任（撤去・不法行為）代金完済前売主（担保として）買主買主が負う弁済期経過後売主買主（占有中）買主が負う（原則）売主が回収後売主売主売主が負う受験生へのアドバイス：「名義（登記や所有権）があるからといって、直ちに責任が発生するわけではない」というのは、現代民法の重要な感覚です。「誰がその物をコントロールしているか？」という実質的な管理責任に注目して解くのがコツです。,,,,,工場抵当法により工場に属する建物とともに抵当権の目的とされた動産が、抵当権者に無断で同建物から搬出された場合には、第三者が即時取得しない限り、抵当権者は、目的動産をもとの備付場所である工場に戻すことを請求することができる。,,
A所有の甲土地上に、Bが権原なく乙建物を建設してCに譲渡した。土地の所有権を侵害したのはBだが、Aは現実に土地を占有して所有権の侵害をしているCに建物の収去を求めなくてはならない,,,,,1. 根拠（判例・法理）結論：正しい（Cが原則的な相手方となる）不法占拠されている土地の所有者は、たとえ建物を建てたのが別人（B）であっても、**「現在その建物を所有し、土地を占有している者（C）」**に対して建物の収去と土地の明け渡しを求めなければなりません。根拠となる法理（物権的請求権）：物権的請求権（返還請求権・妨害排除請求権）は、**「現在、現実に権利を侵害している者」**に対して行使するものです。考え方のポイント：建物を壊す（収去する）という行為は、その建物の所有権（処分権限）を持っている人にしかできません。B（建築主）： 過去に侵害を開始したが、現在は所有権も占有も失っている。C（譲受人）： 現在進行形で土地を占有（侵害）しており、かつ建物を壊す権限を持っている。したがって、Aは原則としてCを被告として訴えることになります。2. 具体例状況：Aの土地に、Bが無断で乙建物を建てた。Bは乙建物をCに売り、Cがそこで暮らし始めた。結果：AはCに対し、「あなたが持っているその建物は私の土地を邪魔しているから、壊して出ていってください」と請求します。Bに対して「あなたが建てたのだから壊せ」と言っても、Bはすでに建物の持ち主ではないため、勝手に壊すことはできない（＝義務を果たせない）からです。3. 過去問の急所（ひっかけ対策）行政書士試験では、これまでに学んだ**「登記名義人への請求」**との組み合わせで、受験生を混乱させてきます。「相手にできる」と「相手にしなければならない」の使い分け原則： 現在の所有者であるCが相手。（これは動かせない基本）応用（T9判例）： もし登記がB名義のままなら、AはBも相手にできる（Aの選択肢が増える）。ひっかけパターン：「建物を建築して土地を不法占拠したBが、当該建物をCに譲渡した場合、Aは常にBに対して建物の収去を求めなければならない。」正解：×（原則はCです。Bへの請求は「登記が残っている」などの特殊なケースに限られます）4. 周辺知識（整理表）この論点は、以下の3つの要素を整理して覚えると確実に得点できます。登場人物属性Aからの請求の可否理由B（旧所有者）建築主・占有なし原則：不可すでに処分権限（壊す権利）がないから。C（現所有者）譲受人・占有あり常に：可能現在の侵害当事者であり、処分権限があるから。B（名義人）譲渡したが登記あり例外：可能自らの意思で登記を残している責任（T9判例）。暗記のポイント：「侵害している今の主（ぬし）を捕まえる」のが物権的請求権の基本です。B（旧所有者）への請求は、あくまで「登記がある場合の例外」だと区別してください。受験生へのアドバイス「不法行為（損害賠償）」であれば、過去に侵害を開始したBに対しても請求できますが、「建物収去（物権的請求権）」は「今の状態を解消すること」が目的なので、相手は「今の人（C）」になります。**「損害賠償ならB、収去ならC」**という対比は、本試験で非常に役立ちます。,,,,,抵当権設定登記後に設定者が抵当不動産を他人に賃貸した場合において、その賃借権の設定に抵当権の実行としての競売手続を妨害する目的が認められ、賃借人の占有により抵当不動産の交換価値の実現が妨げられて優先弁済請求権の行使が困難となるような状態があるときは、抵当権者は、賃借人に対して、抵当権に基づく妨害排除請求をすることができる。,,
第三者の不法占有により抵当不動産の交換価値の実現が妨げられ、抵当権者の優先弁済県の行使が困難となった場合で、抵当不動産を適切に維持管理することが期待できない場合、抵当権者は占有者に対し直接自己に抵当不動産の引き渡しを請求することができる,,,,,1. 根拠（判例）結論：抵当権者への直接の明渡しを請求できるご提示の条件（交換価値の侵害 ＋ 維持管理の期待不可）を満たす場合、抵当権者は占有者に対し、所有者（設定者）へ戻す形ではなく、直接自分（抵当権者）へ明け渡すよう請求できます。根拠となる判例：最判T17.3.10（最重要）判示： 「抵当不動産の所有者において抵当権に対する不当な侵害が生じないよう適切に管理することが期待できない場合には、抵当権者は、占有者に対し、直接自己への明渡しを請求することができる。」論理のポイント本来、抵当権は占有を目的とする権利ではありません。しかし、所有者が機能していない（適切に管理できない）以上、抵当権者が「価値を保存」するためには、自分自身が管理を引き受ける（明け渡させる）しかない、という実務的な必要性から認められました。2. 具体例状況：銀行Aが、債務者Bの所有するマンションに抵当権を設定した。暴力団員Cがそのマンションに居座り、事実上支配した（不法占有）。Cのせいで競売が進まず、マンションの価値が下がっている。所有者BはCを恐れて逃げ出しており、Cを追い出す意思も能力もない（維持管理が期待できない）。結果：銀行AはCに対し、「Bに戻せ」と言うのではなく、「（Bがダメなんだから）俺（銀行A）に直接明け渡せ」と裁判で請求できます。3. 過去問の急所（ひっかけ対策）行政書士試験では、T11判決（排除）とT17判決（直接明渡し）の細かな違いを突かれます。「直接」か「所有者へ」かポイント： 原則は「所有者へ戻せ」ですが、**「所有者が適切に管理できない場合」**という条件がついた時のみ、「直接自分へ」が可能になります。要件のセットひっかけ： 「交換価値が侵害されていれば、所有者が適切に管理している場合でも直接の明渡しを請求できる。」正解：×（所有者の管理が期待できないことが追加要件です）不法占拠者に限定されないポイント： 賃貸借契約の形をとっていても、それが「実態のない妨害目的」であれば同様に排除・明渡しの対象となります。4. 周辺知識（セットで覚えるべき判例）抵当権の侵害に関する3大判例として整理してください。判決年請求できる内容認められた画期的な点T11.11.24妨害排除請求占有者に対して「出ていけ」と言えることを認めた。T17.3.10直接の明渡請求所有者がダメなら「俺（債権者）に渡せ」と言えることを認めた。T17.4.1不法行為の賠償不法占拠により競売が遅れた期間の損害金を請求できる。暗記用フレーズ「交換価値の侵害 ＋ 管理能力なし ＝ 直接よこせ！」,,,,,動産売買につき売買代金を担保するために所有権留保がされた場合において、当該動産が第三者の土地上に存在してその土地所有権を侵害しているときは、留保所有権者は、被担保債権の弁済期到来の前後を問わず、所有者として当該動産を撤去する義務を免れない。（ｒ）,,
占有者が占有を奪われたとき、占有回収の訴えにより、その物の返還請求及び損害賠償請求ができる,,,,,1. 根拠（条文）結論：可能（ただし「侵奪」が条件）根拠条文：民法200条1項「占有者がその占有を侵奪されたときは、占有回収の訴えにより、その物の返還及び損害の賠償を請求することができる。」期間制限：民法201条3項「占有を侵奪された時から一年以内に提起しなければならない。」2. 具体例対象となる「侵奪」（意思に反して奪われること）自転車を盗まれた（窃盗）。強引にカバンをひったくられた（強盗）。留守中に勝手に土地に塀を立てられた。対象とならない（占有回収の訴えが使えない）ケース詐欺： 騙されて自分の意思で渡してしまった。遺失： うっかりどこかに置き忘れた。※これらは「自ら占有を離脱させた」とみなされるため、本権（所有権）に基づく請求はできても、占有回収の訴えは使えません。3. 過去問の急所（ひっかけ対策）「詐欺」は超頻出のひっかけ！問： 「AがBに騙されて時計を渡してしまった場合、AはBに対して占有回収の訴えにより返還を請求できるか？」答：×（詐欺は侵奪ではない。この区別は試験で最も狙われます）「1年以内」という厳しい期限この1年は、裁判外で請求するだけでは足りず、実際に**「裁判を起こす（出訴）」**必要がある「出訴期間」であると解されています。特定承継人（買った人）への請求（200条2項）盗んだ犯人（B）からその物を買った善意の第三者（C）には、占有回収の訴えを提起できません。ただし、Cが**盗品だと知っていた（悪意）**なら請求可能です。4. 周辺知識（占有の訴え 3種の比較）受験生はこれらをセットで覚える必要があります。訴えの種類発生事由（キーワード）請求内容期間制限占有回収の訴え侵奪（奪われた）返還 ＋ 損害賠償侵奪から1年占有保持の訴え妨害（邪魔された）妨害停止 ＋ 損害賠償妨害存続中、又は止んでから1年占有保全の訴え妨害のおそれ予防 又は 担保妨害の危険がある間【重要】本権の訴えとの関係（民法202条）占有の訴えは、所有権があるかどうか（本権）とは無関係に、「今持っていた事実」だけで争います。裁判所は「所有権があるから返さなくていい」といった本権に基づく裁判をしてはいけない、というルールがあります。受験生へのアドバイス「占有回収＝無理やり（侵奪）」と反射的に結びつけましょう。騙された場合や失くした場合は「本権（所有権）」で戦う、という役割分担を意識するのがコツです。,,物権的請求権等に関する次の記述のうち、民法の規定および判例に照らし、妥当なものはどれか。,,,Aが所有する甲土地の上に、Bが権原なく乙建物を建設してこれをCに譲渡した場合、無権原で乙建物を建設することによってAの土地所有権を侵害したのはBであるから、AはBに対してのみ乙建物の収去を求めることができる。,,
第三者が賃貸不動産を不法占有している場合、賃借人は対抗要件を具備している場合に返還請求ができる,,,,,1. 根拠（条文・判例）結論：可能（改正民法で明文化）対抗要件を備えた不動産賃借人は、その不動産を不法占有している第三者に対し、直接「出ていけ（妨害排除）」や「返せ（返還）」を請求できます。根拠条文：民法605条の4（新設）2017年の民法改正により、これまでの判例法理が明文化されました。「不動産の賃借人は、対抗要件を備えた場合において、次の各号に掲げるときは、それぞれ当該各号に定める請求をすることができる。一　その不動産の占有を第三者が妨害しているとき　その第三者に対する妨害排除の請求二　その不動産を第三者が占有しているとき　その第三者に対する返還の請求」根拠判例：最判昭28.9.16改正前は、この判例により「対抗要件を備えた賃借権は、第三者に対抗できる一種の物権的性格（賃借権の物権化）を持つ」として認められていました。2. 具体例状況：A所有の土地を、Bが借地権（対抗要件あり）を得て借りた。Bが建物を建てる前に、全く無関係の不法占拠者Cが勝手に資材を置いたり、居座ったりした。結果：Bは、オーナーAの力を借りることなく、自分自身の賃借権に基づいて直接Cに対し、「資材をどかせ（妨害排除）」、「土地を明け渡せ（返還）」と裁判で訴えることができます。3. 過去問の急所（ひっかけ対策）行政書士試験では、「対抗要件」の有無と**「相手方」の属性**が最大のポイントです。対抗要件が必須ひっかけ： 「対抗要件を備えていない賃借人も、不法占有者に対して直接返還請求ができる。」正解：×ポイント： 賃借権そのものの力（605条の4）で戦うには、必ず登記や建物の所有権登記などの対抗要件が必要です。※対抗要件がない場合は、「占有回収の訴え」や「賃貸人の権利を代位行使（423条）」するなどの別ルートになります。相手方は「正当な権原のない者」に限定この請求ができる相手は、あくまで不法占有者などの第三者です。正当な理由があって占有している人（例：前の賃借人がまだ住んでいる等）に対しては、この条文は使えません。4. 周辺知識（手段の比較）受験生が混乱しやすい「不法占拠者への対抗手段」のまとめです。手段要件（対抗要件）特徴賃借権に基づく請求（605条の4）必要賃借権そのものの力で堂々と戦える。占有回収の訴え（200条）不要（占有の事実のみ）侵奪から1年以内という厳しい期限がある。債権者代位権（423条）不要オーナー（賃貸人）が持つ所有権に基づく請求権を「代わりに」使う。暗記のポイント：「賃借権をパワーアップ（対抗要件具備）させれば、所有者と同じように不法占拠者を追い出せる」というイメージを持つのが合格への近道です。,,,,,第三者が抵当不動産を不法占有することによって同不動産の交換価値の実現が妨げられ、抵当権者の優先弁済権の行使が困難となるような状態があるときは、抵当権に基づく妨害排除請求権が認められるが、抵当権は占有を目的とする権利ではないため、抵当権者が占有者に対し直接自己への抵当不動産の明渡しを求めることは常にできない。,,
A所有の甲土地上に、Bが権原なく丁建物を建設し、自己所有名義で建物保存登記を行い、Cに譲渡したが、登記名義がBのままであった場合、AはBに対し建物の収去を求めることができる,,,,,1. 根拠（判例）結論：可能（Bに対して請求できる）建物を他人に譲渡していても、自分名義の登記を残している場合、その登記が自己の意思に基づくなされたものであれば、土地所有者からの収去請求を拒むことができません。根拠となる判例：最判T9.9.5（最重要）判示： 「建物所有者が建物を他人に譲渡しても、建物につき自己名義の登記がある限り、土地所有者に対し、譲渡による建物所有権の喪失を主張して建物収去・土地明渡しの義務を免れることはできない。」考え方のポイント（信義則・公示の責任）土地所有者からすれば、誰が真の建物所有者（譲受人）であるかを外部から正確に知ることは困難です。そのため、**「自らの意思で所有者として登記した者」**は、たとえ実態上の所有権を失っていても、その登記を信じた土地所有者に対して責任を負うべきである（＝「私はもう所有者じゃない」という反論は認められない）とされています。2. 具体例登場人物A： 土地の所有者（地主）。不法占拠に困っている。B： 建物を建てて登記したが、すでにCに売却した人。C： 実際に建物を買い取って使っている人（未登記）。状況Aの土地にBが無断で建物を建て、B名義で保存登記をした。その後、BはCに建物を売ったが、登記はBのまま放置された。結果Aは、**「登記名義人であるB」**を相手取って、「建物を壊して出ていけ」と裁判を起こすことができます。Bが「もうCさんのものです」と主張しても、裁判所はAの請求を認めます。3. 過去問の急所（ひっかけ対策）行政書士試験では、この判例の**「適用条件」**を正確に覚えているかが問われます。「自己の意思」による登記かポイント： Bの名義が、B自身の申請（意思）によってなされたことが必要です。ひっかけ： 「何者かによって勝手にB名義に登記されていた場合」は、Bは収去義務を負いません（Bに責任がないため）。「未登記」の場合との比較ポイント： 建物がもともと未登記であれば、登記という外観がないため、この判例は適用されません。その場合は「現在の所有者（C）」のみが相手方となります（最判昭47.12.7）。選択肢の自由ポイント： Aは、B（名義人）に請求することもできますし、実態上の所有者であるCに請求することもできます。4. 周辺知識（整理表）アプリの解説として、以下の対比表は非常に有効です。建物の状態請求の相手方（被告）根拠B名義の登記あり（譲渡済）B（名義人） または C（現所有者）T9.9.5判例（登記の責任）未登記（譲渡済）C（現所有者）のみ昭47.12.7判例（処分権限の原則）Bが占有中（不法占拠）B物権的請求権の基本原則受験生へのアドバイス：問題文の中に**「登記名義がBのまま」**というキーワードを見つけたら、反射的にこの「T9判例」を思い出してください。土地所有者（A）を保護するために、Aが訴える相手を楽に選べるようにしてあげている、と理解すると記憶に残りやすくなります。,,,,,占有者がその占有を奪われたときは、占有回収の訴えにより、その物の返還を請求することはできるが、損害の賠償を請求することはできない。,,
Bの土地をAの土地として善意のCと売買契約を締結した場合、その土地の登記名義がBの落ち度によってA名義となっており、かつCがそれを信じたことに過失がなければ、94条2項が類推適用され、CはBに対し土地の引き渡しを求めることができる,,,,,1. 根拠（条文・判例）結論：Bに「帰責事由」があれば可能真の所有者（B）が不実の登記（A名義）を自ら作ったり、放置したりしていた場合、それを信じた第三者（C）は保護されます。根拠条文：民法94条2項（類推適用）本来は「相手方と通じてした虚偽の意思表示」の規定ですが、これに準ずる状況にも法理を広げて適用します。根拠判例：最大判昭45.9.22（最重要）「所有者が不実の登記がされていることを知りながらこれを放置した場合には、民法94条2項を類推適用して、所有者はその不実の登記を信じて取引した第三者に対して、所有権を主張できない」と判示しました。考え方のポイント（権利外観法理）不実の外観： A名義の登記という嘘の見た目がある。帰責事由： その見た目を作った（または放置した）Bに落ち度がある。第三者の信頼： その見た目を信じたCを保護すべき。2. 具体例状況：Bは自分の土地を、便宜上Aの名義にしていた（またはAが勝手に書き換えたのをBが知っていて黙認していた）。Aが「自分の土地だ」と偽ってCに売り、移転登記をした。結果：Cが善意であれば、BはCに対して「それは自分の土地だ」と主張できなくなり、CはBに対して土地の引き渡しを求めることができます。3. 過去問の急所（ひっかけ対策）行政書士試験では、Bの「落ち度」の強弱によって、Cに**「無過失」まで必要か**が問われます。Bの状況（帰責事由）Cの要件（信頼）試験での扱いBが自ら進んで不実の登記を作った善意であればOK94条2項を直接（に近い形で）類推適用。Bが他人の勝手な登記を黙認していた善意・無過失が必要94条2項と110条を重ねて適用する（重畳適用）。Bが全く知らなかった保護されない原則としてBの勝ち（単なる他人物売買）。ひっかけパターン：「AがBに無断で、B所有の土地を自己名義に登記してCに売却した場合、Bがその事実を全く知らなくても、Cが善意であればBは土地の引き渡しを拒めない。」正解：×（Bに全く落ち度がないなら、Cは保護されません。これが「他人物売買」との境界線です）4. 周辺知識（整理表）アプリの解説として、以下の「善意・無過失のライン」を整理すると効果的です。論点相手方（C）の要件理由94条2項（直接適用）善意通謀した本人たちが一番悪いから。94条2項（類推適用・放置）善意・無過失本人の落ち度が「放置」程度なら、第三者にもそれなりの注意を求める。表見代理（110条など）善意・無過失代理権があるように見えたことに対する信頼を保護する。暗記用まとめカード94条2項類推適用 ＝ 嘘の登記 ＋ 本人の落ち度 ＋ 第三者の信頼。基本は「善意」でOKだが、本人の落ち度が低い（黙認・放置）なら、第三者は**「無過失」**まで求められる。本人の落ち度がゼロなら、第三者は勝てない（他人物売買）。,,,,,第三者が賃貸不動産を不法占有している場合、賃借人は、その賃借権が対抗要件を具備しているか否かを問わず、その不法占有者に対して、当該不動産の返還請求を行うことができる。,,
Lの土地をJが、Lに無断でLの代理人と称して売買契約を締結し、Jが亡くなりKが単独相続した場合、無権代理人の責任を継承し、損害賠償請求権を免れることはない,,,,,1. 根拠（条文・判例）結論：正しい無権代理人が死亡し、その地位を（本人以外の）第三者が相続した場合、相続人は無権代理人が負っていた責任を包括的に承継します。根拠条文：民法117条（無権代理人の責任）他人の代理人として契約をした者は、代理権を証明できず、かつ本人の追認を得られないときは、相手方の選択に従い、履行の請求または損害賠償の責任を負います。根拠条文：民法896条（相続の一般的効力）相続人は、相続開始の時から、被相続人の財産に属した一切の権利義務を承継します。考え方のポイント無権代理人の責任（117条）は、一種の法定責任であり、金銭賠償義務や履行義務を含む「負の財産（債務）」です。したがって、相続人はこれを受忍しなければなりません。2. 具体例状況：Lさんの土地を、Jさんが勝手に「Lさんの代理人」と偽って買主Mさんに売った（無権代理）。Lさんは追認を拒絶した。これにより、JさんはMさんに対して責任（履行または賠償）を負う状態になった。責任を果たす前にJさんが死亡し、Kさんが単独相続した。結果：買主Mさんは、相続人Kさんに対して「Jさんが負っていた損害賠償」を請求できます。Kさんは「自分はやっていない」と拒むことはできません。3. 過去問の急所（ひっかけ対策）行政書士試験では、このケースと「本人が無権代理人を相続したケース」の比較が最頻出です。本人が無権代理人を相続した場合（最判昭48.7.3）ポイント： 本人は「本人としての地位」で追認を拒絶できます。ひっかけ： 「相続によって無権代理行為は当然に有効となる」→ ×注意点： ただし、追認を拒絶しても、無権代理人の「債務（賠償責任）」は相続しているため、結局はお金を払うなどの責任は免れません。無権代理人が本人を相続した場合（最判昭40.6.18）ポイント： 無権代理人が「本人」になった以上、追認を拒絶するのは信義則に反するため、契約は当然に有効となります。4. 周辺知識（整理表）相続によって「本人」と「無権代理人」の地位が一人に重なった場合の処理まとめです。相続のパターン契約の効力理由無権代理人が本人を相続当然に有効自分でやったことを「本人だから」と否定するのは卑怯（信義則）。本人が無権代理人を相続当然には有効にならない本人はもともと拒否する権利があったから。第三者が無権代理人を相続有効にならない（責任のみ承継）ご提示のケース。契約を有効にする権限はないが、賠償責任は引き継ぐ。共同相続の場合全員が追認しない限り無効追認権は不可分。全員の合意が必要（最判T5.1.21）。暗記用まとめカード無権代理人の責任は「借金」と同じ。 相続人は拒めない。本人が相続した場合： 拒絶はできる（契約は無効のまま）が、賠償責任（お金）は払う必要がある。無権代理人が相続した場合： 逃げ場なし。契約は有効になる。,,,,,Dが所有する丙土地の上に、Eが権原なく丁建物を建設し、自己所有名義で建物保存登記を行った上でこれをFに譲渡したが、建物所有権登記がE名義のままとなっていた場合、Dは登記名義人であるEに対して丁建物の収去を求めることができる。（ｒ）,,
土地をOとPが共同相続し、OがPに無断で土地をQに売り、その事情を知らず、かつ、過失のないQが登記を備えた場合であっても、QはPの法定相続分を取得できない,,,,,1. 根拠（判例・条文）結論：正しい（QはPの分を取得できない）共同相続人の一人が、他の相続人の同意なく土地全体を売却した場合、他の相続人の「法定相続分」については、登記がなくても第三者に対抗（主張）できます。根拠となる判例：最大判昭38.2.22（最重要）判示： 「相続人がその法定相続分を超える部分を処分したとしても、その処分は無権利の範囲において無効であり、他の共同相続人は、自己の法定相続分を登記なくして第三者に対抗できる。」根拠条文：民法899条の2 第1項（改正民法）内容： 相続による権利の承継は、**「法定相続分を超える部分」**については登記をしなければ第三者に対抗できません。逆の解釈： **「法定相続分まで」**については、登記がなくても当然に第三者に対抗できる、という意味になります。2. 具体例状況：父が亡くなり、兄弟OとPが土地を1/2ずつ共同相続した。兄Oが勝手に「自分一人の土地だ」と言い張って、土地全部をQに売却し、Q名義に登記を移した。Qは「Oが持ち主だ」と信じており、過失もなかった。結果：弟Pは、Qに対して「その土地の半分（自分の法定相続分）は自分のものだ。登記を返せ」と主張できます。Qは土地の1/2（Oの持分）は取得できますが、残りの1/2（Pの持分）は取得できません。3. 過去問の急所（ここが狙われる！）行政書士試験では、**「法定相続分」なのか「遺産分割による取得」**なのかの区別が最大のポイントです。「法定相続分」なら：登記不要相続という「当然の法的効果」を重視するため、他の相続人の権利は登記がなくても守られます。「遺産分割（または遺言）」による、法定相続分を超える取得なら：登記が必要改正民法（899条の2）により、遺産分割で「全部もらった」という場合、その**「法定相続分（例：1/2）を超えたプラスアルファ分」**については、登記を先に備えたほうが勝ちとなります。4. 周辺知識（なぜQは保護されないのか？）受験生が「善意無過失のQがかわいそう」と感じやすい部分を論理的に整理します。概念理由・背景登記に公信力なし日本の不動産登記には「公信力」がありません。たとえ登記を信じて買っても、売主が無権利者（Pの持分についてはOは無権利）であれば、権利は取得できません。即時取得の不適用即時取得（192条）は「動産」の規定であり、不動産には適用されません。94条2項類推適用Pが「Oが自分一人の名義に登記していること」を知りながら放置していた、といったP側の落ち度がない限り、Qを保護するためにPの権利を奪うことはしません。暗記用まとめカード法定相続分： 登記なしで最強。第三者（Q）に勝てる。遺産分割（指定相続分）： 法定相続分を超える部分は「登記」が必要。早い者勝ち。理由： 登記には公信力がない ＋ 法定相続分は法律上当然の権利。,,占有権に関する次の記述のうち、民法の規定および判例に照らし、妥当でないものはどれか。,,,無権利者から土地を譲り受けた者は第三者にあたらないが、背信的悪意者からの善意転得者は権利取得が肯定される。,,
Aの土地をBが買い、所有権移転の仮登記をし、Aは土地をその事情を知らないCに売却し、所有権移転登記をした場合、Bは本登記をしない限りCに対抗できない,,,,,1. 根拠（条文・法理）結論：正しい仮登記には、それ自体に**対抗力（第三者に権利を主張する力）**はありません。後から本登記を備えた第三者（C）に勝つためには、自らも本登記を完了させる必要があります。根拠条文：不動産登記法106条（順位保全の効力）仮登記をしたものについて本登記をしたときは、その本登記の順位は、仮登記の順位による。考え方のポイント仮登記は「将来の本登記のために順位を予約しておく」ためのものです。登記簿上で対抗力を持つのはあくまで「本登記」のみであるため、仮登記の段階では、フルスペックの登記を備えたCが差し当たり優先されます。2. 具体例状況：A所有の土地をBが買い、Bは**「所有権移転の仮登記」**をした。その後、AがCにも土地を売り、Cが**「所有権移転の本登記」**を済ませた。結果：この時点では、有効な対抗要件を持っているのはCだけです。Bが「自分の方が先に買った」とCに主張して追い出すためには、仮登記を**「本登記」**に書き換える手続き（本登記の実行）が必要です。3. 過去問の急所（ひっかけ対策）行政書士試験では、「仮登記の時点での効力」と「本登記後の優先順位」を混同させる問題が頻出です。対抗力の有無問： 「所有権移転の仮登記をしていれば、本登記をしなくても後順位の第三者に対抗できる。」答：×（本登記をしない限り、対抗力は発生しません）順位の遡及（そきゅう）ポイント： Bが本登記を完了すると、その順位は仮登記の時に遡ります。その結果、Bが1番、Cが2番となり、BがCに優先することになります。利害関係人の承諾問： 「仮登記に基づき本登記を申請する場合、登記上の利害関係人である第三者（C）の承諾を得る必要はない。」答：×（不動産登記法109条により、Cの承諾（またはそれに代わる裁判の判決）が必要です）4. 周辺知識（セットで覚えるべき知識）項目内容職権抹消Bが本登記をすると、順位で劣ることになったCの登記は、登記官によって職権で抹消されます。物権変動の時期順位は遡りますが、「所有権を取得した時期」までは遡りません。これは時効取得の起算点や損害賠償の範囲などで重要になります。仮登記の種類1号仮登記（書類不備など）と2号仮登記（請求権保全）がありますが、順位保全の効力は共通です。暗記用まとめカード仮登記： 順位の予約席。座っているだけでは対抗力ゼロ。本登記： 予約席を確定させる行為。これをして初めて第三者を排除できる。遡及： 順位だけが仮登記時に遡る（権利取得の時期は遡らない）。,,,,,取消後の第三者は要登記、解除前後の第三者は要登記。,,
Aの土地にBが無断で建物を築造し、登記も備えた場合、Aから土地を買い受けたCは、登記の名義人であるBに対し、建物の収去および甲土地の明け渡しを請求できる,,,,,1. 根拠（条文・判例）結論：正しい（Cは登記がなくても請求できる）土地の譲受人（C）は、その土地を不法に占有している者（B）に対しては、土地の所有権移転登記を備えていなくても、建物の収去および土地の明け渡しを請求することができます。根拠となる判例：最判昭33.7.11（最重要）判示： 「不動産の譲受人は、その所有権の取得を登記していなくても、当該不動産を不法に占有する者に対しては、所有権に基づきその返還または排除を請求することができる。」論理のポイント（民法177条の「第三者」）民法177条では「不動産の物権変動は登記をしなければ第三者に対抗できない」とされています。しかし、この「第三者」とは、登記の欠缺（欠けていること）を主張する正当な利益を有する者に限定されます。**不法占拠者（B）**は、土地を占有する正当な権原がないため、この「第三者」には含まれません。したがって、真のオーナーであるCは、登記という「武器」を持たずとも、所有権そのものの力でBを排除できます。2. 具体例状況：A所有の土地を、Bが勝手に使い、建物を建てて保存登記までした（不法占拠）。CがAからこの土地を買い受けたが、まだ自分の名義に登記を変えていない。対抗関係：Bが「お前の名義になっていないじゃないか」と反論しても、裁判所は「Bは正当な権利者ではないので、Cの未登記を突く資格はない」と判断します。もしBが不法占拠者ではなく「借地人」だったら？Bが有効な借地権（対抗要件あり）を持っていた場合、CがBに対し「新しいオーナーは俺だ」と主張して地代を請求したり立ち退きを求めたりするには、C自身の登記が必要になります。3. 過去問の急所（ひっかけ対策）行政書士試験では、「登記が必要なケース」と「不要なケース」の区別が頻出です。登記が「不要」な相手（Cが勝てる相手）不法占拠者・無権利者（今回のケース）背信的悪意者（単なる悪意を超えて、嫌がらせ目的などで取引した者）不法行為者（土地や建物を壊した者）登記が「必要」な相手（Cが登記しないと負ける相手）二重譲渡の譲受人（AがDにも売ってしまった場合のD）差押債権者（Aの債権者で、土地を差し押さえた者）正当な賃借人・地上権者4. 周辺知識（整理表）アプリの解説として、以下のフローチャート的な整理は受験生に喜ばれます。請求の内容相手方の属性Cの登記の要否理由建物収去・明渡不法占拠者不要相手は177条の「第三者」ではないから。損害賠償・不当利得不法占拠者不要債権的請求であり、所有権の帰属が証明できればOK。賃料請求・解約申入正当な賃借人必要賃貸人たる地位の主張には登記が必要（判例）。暗記のポイント：「泥棒（不法占拠者）に追い出しをかけるのに、名刺（登記）を見せる必要はない」と覚えましょう。対等な取引関係にある「第三者」にだけ名刺が必要なのです。受験生へのアドバイス「177条の第三者」の範囲は、物権法の中で最も重要な定義の一つです。「誰が第三者で、誰がそうでないか」のリストを頭に入れることが、合格への最短距離です。次は、これに関連して**「土地を二重に買った人同士（二重譲渡）で、先に登記を備えた方が勝つ」という原則と、その例外である「背信的悪意者」**の判断基準についてまとめましょうか？,,Aが登記簿上の所有権名義人である甲土地をBが買い受ける旨の契約（以下「本件売買契約」という。）をA・B間で締結した場合に関する次のア～オの記述のうち、民法の規定および判例に照らし、妥当なものの組合せはどれか。,,,甲土地は実際にはCの所有に属していたが、CがAに無断で甲土地の所有名義人をAとしていた場合において、Aがその事情を知らないBとの間で本件売買契約を締結したときであっても、BはCに対して甲土地の引渡しを求めることができない。,,
Aの土地をBの時効完成前に、CがAから土地を買い受けて登記を備えた場合、その後時効取得したBは登記なくしてCに対抗できる,,,,,1. 根拠（条文・判例）結論：可能（Bは登記なくしてCに対抗できる）時効の完成前に土地の所有権を取得して登記を備えた第三者（C）に対しては、時効取得者（B）は登記を備えていなくても所有権を主張できます。根拠となる判例：最判昭41.7.20（最重要）判示： 「不動産の時効取得者は、時効完成前に当該不動産を譲り受けて登記を経た者に対しては、登記がなくても時効による所有権の取得を対抗することができる。」論理のポイント（当事者か第三者か）時効完成前にCが土地を買った場合、時効取得者Bから見れば、所有者がAからCに入れ替わっただけです。つまり、Cは「時効によって権利を失う当事者」そのものであり、民法177条が言うところの「登記がないと対抗できない第三者」には当たらないと解釈されます。2. 具体例（時効のタイムライン）状況：BがAの土地を「自分のもの」と信じて占有開始（時効スタート）。時効完成前（例：15年目）、Aが土地をCに売り、Cが登記をした。さらに5年が経過し、Bの時効（20年）が完成した。結果：Bは、現在のオーナーであるCに対し、「時効が完成したから、この土地は俺のものだ」と登記なしで主張できます。Cは時効を中断させなかった以上、権利を失うのを甘受しなければなりません。3. 過去問の急所（「前」か「後」か！）行政書士試験において、この論点は**「時効完成のタイミング」**がすべてです。問題文の時系列を読み解くのが得点への鍵となります。「時効完成後」の第三者との比較（最判昭33.8.28）状況： 時効が完成した後に、Aが土地をDに売り、Dが登記をした場合。結論： Bは登記がなければDに勝てません。理由： 時効完成によってBが所有権を得た後、AがDに売ったということは、Aを起点とした「二重譲渡」と同じような関係になるため、登記の早い者勝ち（177条）になります。4. 周辺知識（整理表）受験生が混乱しやすい、時効と登記の対抗関係まとめです。相手方の属性登記の要否理由時効完成「前」の第三者不要相手は「権利を失う当事者」だから。時効完成「後」の第三者必要二重譲渡に類似した対抗関係になるから。時効完成「後」の再取得者不要（特殊な判例：最判昭36.7.20）※下記参照【発展】時効完成後の再時効取得時効完成後に第三者（D）が登記を備えてしまった場合でも、Bがさらにそこから占有を継続し、再度時効期間（さらに20年など）を満たした場合は、BはDに対して登記なく所有権を主張できます。これを「時効完成後の再時効取得」と呼びます。暗記用まとめカード完成前： Cは当事者。Bはノー登記で勝利。完成後： Dとは早い者勝ち。Bは登記必須。合言葉： 「前は当事者、後は第三者」。,,,,,甲土地はAの所有に属していたところ、Aの父であるDが、Aに無断でAの代理人と称して本件売買契約を締結し、その後Dが死亡してAがDを単独で相続したときは、Aは、Dの法律行為の追認を拒絶することができ、また、損害賠償の責任を免れる。,,
Aの土地をBが時効取得した後、Aが背信的悪意者であるGに土地を売却した場合、BはGに登記なくして対抗できる,,,,,ac,,,,,甲土地が相続によりAおよびEの共有に属していたところ、AがEに無断でAの単独所有名義の登記をしてBとの間で本件売買契約を締結し、Bが所有権移転登記をした場合において、Bがその事情を知らず、かつ、過失がないときは、Bは甲土地の全部について所有権を取得する。,,
Aの土地をBが時効取得し、その後GがAから土地を買い受けて所有権移転登記を完成した場合が、Bはさらに取得時効に必要な期間を経過した後にGに時効を援用すれば、Bは登記なくしてGに対抗できる,,,,,1. 根拠（判例）結論：可能（登記なくして対抗できる）一度時効が完成した後に第三者が登記を備えた場合でも、その時点からさらに時効期間（占有）が継続し、「再度の時効」が完成すれば、占有者はその第三者に対して登記なくして所有権を主張できます。根拠となる判例：最判昭36.7.20（最重要）判示： 「不動産を取得時効した者は、その後に登記を経た第三者に対しても、その登記後さらに時効取得に必要な期間占有を継続したときは、登記なくして、その第三者に対し、時効による権利の取得を対抗することができる。」論理のポイント（当事者関係への回帰）時効完成「後」の第三者（G）が現れた直後は、両者は対抗関係（民法177条）にあり、先に登記したGが優先されます。しかし、Gが登記した時点から新たに時効が進行し始めたと考えます。再度の時効が完成すると、Gは「時効によって権利を失う直接の当事者」となるため、177条の「第三者」には該当しなくなります。2. 具体例（時系列図解）フェーズ1：最初の時効完成A所有の土地を、Bが20年間占有し時効が完成した。フェーズ2：第三者の出現（対抗関係）Bが登記する前に、第三者（G）がAから土地を買い受け、所有権移転登記を完了した。→ この時点では、GがBに優先する。フェーズ3：再度の時効取得（当事者関係）Bは諦めずに占有を続け、Gが登記した時からさらに20年間占有を継続した。→ 再度の時効が完成し、BはGに対し、登記がなくても「自分の土地だ」と主張できる。3. 過去問の急所（ひっかけ対策）行政書士試験では、**「どの時点から数えて何年か」**という計算と、登記の要否が問われます。起算点の固定ポイント： 再度の時効を主張する場合、その起算点は**「第三者（G）が登記を備えた時」**となります。ひっかけ： 「再度の時効取得を主張する場合であっても、最初の占有開始時を起算点として計算しなければならない。」正解：×（それだと、Gが「完成後の第三者」という地位のまま固定されてしまいます。Gの登記時を新たなスタートラインにする必要があります）「10年」か「20年」かポイント： 再度の時効取得においても、占有開始（Gの登記時）の態様によって、10年（善意無過失）または20年が適用されます。4. 周辺知識（まとめ）受験生が混乱しやすい、時効と登記の全パターン整理です。シナリオ相手方の属性登記の要否時効完成「前」に登場当事者（または承継人）不要時効完成「後」に登場第三者（通常）必要（早い者勝ち）時効完成「後」に登場背信的悪意者不要登場「後」にさらに時効完成再取得の当事者不要（今回のケース）暗記のポイント：「時効完成後の第三者には負けるが、そこからさらに20年粘れば、その第三者を『当事者』として飲み込める」とイメージしましょう。,,,,,甲土地はAの所有に属していたところ、本件売買契約が締結され、B名義での所有権移転の仮登記がされた場合において、Aが甲土地をその事情を知らないFに売却し所有権移転登記をしたときは、Bは本登記をしない限りFに対して所有権の取得を対抗することができない。（ｒ）,,
Aの土地をBが時効取得し、その後GがAから土地を買い受けて抵当権設定登記を完了した場合、Bはさらに取得時効に必要な期間を経過した後にGに時効を援用すれば、Bは土地を時効取得し、Gの抵当権は消滅する,,,,,1. 根拠（判例・法理）結論：抵当権はリセットされる一度時効が完成した後に設定された抵当権であっても、その登記後さらに時効期間（10年または20年）が経過すれば、占有者は**「抵当権の負担のない完全な所有権」**を原始取得します。根拠となる判例：最判昭36.7.20（およびその法理の応用）「再度の時効取得」が完成すると、その間に現れた権利者（所有権譲受人や抵当権者）は、時効完成によって権利を失う**「直接の当事者」**という立ち位置に変わります。考え方のポイント（原始取得）：時効取得は、前の人の権利を引き継ぐ（承継取得）のではなく、真っさらな状態で新しく権利が発生する（原始取得）ものです。時効が完成した瞬間に、その土地にのっていた他人の権利（Gの抵当権）は、原則としてすべて消滅します。2. 具体例（時系列図解）フェーズ1：1度目の時効完成A所有の土地をBが20年間占有。Bは所有権を得るが、未登記。フェーズ2：Gの抵当権設定（Bの劣後）Bが登記する前に、AがGから金を借り、土地に抵当権を設定して登記した。→ この時点では、Gが登記を備えた「完成後の第三者」なので、BはGの抵当権を認めざるを得ません（対抗関係）。フェーズ3：再度の時効完成（Bの逆転勝利）Bはそのまま占有を継続し、Gの登記から**さらに20年（または10年）**が経過。→ 「再度の時効」が完成。Bは、Gの抵当権が消えた状態の所有権を登記なしで主張できます。3. 過去問の急所（試験での問われ方）行政書士試験では、**「登記の要否」と「抵当権が消えるか残るか」**の組み合わせを正確に判断する必要があります。登記は不要：再度の時効が完成したとき、Gは「時効によって権利を制限される当事者」となります。民法177条の「登記がないと文句が言えない第三者」ではないため、Bは登記なしで勝てます。抵当権は消滅：「抵当権の負担を引き継がなければならない」という選択肢があれば**×（誤り）**です。原始取得の性質上、抵当権は消滅します。起算点の固定：再度の時効を主張する場合、そのスタート地点（起算点）は、Gが抵当権設定登記を完了した時にする必要があります。4. 周辺知識（まとめ表）受験生が混乱しやすい、時効取得と抵当権の全パターン整理です。シナリオ抵当権設定の時期時効取得者（B）の結論パターン1Bの時効完成前最初の時効完成で、抵当権は当然に消滅する。パターン2B.の時効完成後原則、Bは抵当権の負担を負う（早い者勝ち）。パターン3パターン2の後に再時効再度の時効完成により、抵当権は消滅する。暗記のポイント：「時効完成後の第三者には一度負けるが、そこからさらに時効期間粘れば、その第三者の権利（所有権でも抵当権でも）を消滅させることができる」という「粘り勝ち」のルールとして覚えましょう。受験生へのアドバイスこの「再度の時効取得」は、近年の民法改正の影響を受けない判例法理であり、試験でも非常に好まれる論点です。特に「登記なしで対抗できる」という結論は、記述式でも狙われやすいため、しっかり押さえておきましょう。,,,,,甲土地はAの所有に属していたところ、GがAに無断で甲土地上に建物を築造し、その建物の所有権保存登記をした場合において、本件売買契約により甲土地の所有者となったBは、Gが当該建物の所有権を他に譲渡していたとしても、登記名義がGにある限り、Gに対して当該建物の収去および土地の明渡しを求めることができる。（ｒ）,,
Aの土地をBが時効取得し、その後GがAから土地を買い受けて登記を備えた場合、BはGに対し登記なくして対抗することはできず、Bが時効完成時期を任意に選択することはできない,,,,,1. 根拠（判例）結論：Bは登記がないと負ける ＆ 起算点を動かせない時効完成後の第三者との関係（最判昭33.8.28）時効完成後にAから土地を買い受け、登記を備えたGは、民法177条の「第三者」に該当します。したがって、BとGは**登記の早い者勝ち（対抗関係）**になります。Bが登記をしていない以上、先に登記をしたGには勝てません。起算点選択の禁止（最判昭35.7.27）Bは「本当は30年前から住んでいるけど、Gが登記した直後に時効が完成するように、20年前をスタート地点（起算点）にしよう」といった起算点の任意選択は認められません。2. なぜ「起算点の選択」を禁止するのか？もしBが自由に起算点を選べると、以下のような**「ズル」**が可能になってしまうからです。事実： Bの占有は2010年〜2030年（2030年に時効完成）。事件： 2031年にGが土地を買って登記した。Bのズル： 「じゃあ、2012年を起算点にしよう。そうすれば時効完成は2032年になる。Gは時効完成『前』の第三者になるから、俺は登記なしで勝てるぞ！」このように、Bが起算点を操作することで、「時効完成『後』の第三者（登記が必要）」を「時効完成『前』の第三者（登記不要）」にすり替えることを許すと、不動産取引の安全（177条）が根底から崩れてしまいます。そのため、時効の起算点は「占有開始の時」という客観的な事実に固定されます。3. 過去問の急所（ひっかけ対策）行政書士試験では、この原則の**「唯一の例外」**が狙われます。原則： 起算点は動かせない（客観的事実で決まる）。例外： 時効期間中、一度も所有者に変更がなかった場合もし時効の20年（または10年）の間、ずっと所有者がAのままで、第三者が一人も現れていないのであれば、起算点を多少前後させて主張しても、誰の不利益にもならないため、例外的に許容される場合があります。重要： しかし、試験では「第三者（G）が登場したケース」が前提になるため、**「起算点は動かせない」**と覚えておくのが正解への近道です。4. 周辺知識（整理表）相手方（G）の属性登記の要否理由時効完成「前」に登記不要Gは当事者（の承継人）だから。時効完成「後」に登記必要177条の対抗関係（早い者勝ち）だから。（Bの対抗策）起算点の操作不可177条を無意味にする脱法行為だから。暗記用まとめカード完成後のG： 177条の第三者。Bは登記がないと負け。起算点： 占有開始時に固定。勝手にずらして「完成前」に偽装するのは禁止。目的： 不動産取引の安全（登記制度）を守るため。,,Aが所有する甲土地につき、Bの所有権の取得時効が完成し、その後、Bがこれを援用した。この場合に関する次の記述のうち、民法の規定および判例に照らし、妥当でないものはどれか。,,,Bの時効完成前に、CがAから甲を買い受けて所有権移転登記を了した場合、Bは、Cに対して、登記なくして時効による所有権取得をもって対抗することができる。,,
動産の譲受人は引き渡しを受けなければ第三者にはあたらず、当該動産の差し押さえを行った者に対抗することができない,,,,,1. 根拠（条文）結論：引渡しがないと差押債権者に勝てない動産の所有権を譲り受けても、引渡しを受けていない間に、元の所有者の債権者がその動産を差し押さえた場合、譲受人は「自分が新しい所有者だ」と主張（対抗）できません。根拠条文：民法178条「動産に関する物権の譲渡は、その動産の引渡しがなければ、第三者に対抗することができない。」論理のポイント（178条の「第三者」）不動産の177条と同様、178条の「第三者」には、差押債権者や二重譲渡の譲受人が含まれます。つまり、誰が本当の持ち主かを外から判断する唯一の基準が「引渡し」です。2. 「引渡し」の4つのパターン（超重要）行政書士試験では、「現実の手渡し」以外の引渡し方法が非常に重要です。これらはいずれも178条の「引渡し」に含まれます。種類内容例現実の引渡し実際に物を手渡す。店で商品を受け取る。簡易の引渡しすでに持っている人に、意思表示だけで権利を移す。借りていた本を、そのまま買い取る。占有改定売った後も、売主がそのまま預かり続ける。ピアノを買ったが、運送の日まで店に置いておく。指図による占有移転第三者に預けている物を、意思表示だけで移す。R庫業者に預けている荷物を、買った人に移転させる。3. 過去問の急所（ひっかけ対策）「占有改定」でも対抗できる！問： 「占有改定による引渡しでは、差押債権者に対抗することができない。」答：×ポイント： 占有改定（183条）も有効な引渡しです。たとえ物がまだ売主の手元にあっても、占有改定の手続きさえ済んでいれば、譲受人は差押債権者に勝てます。不動産との対比不動産 ＝ 登記動産 ＝ 引渡しこのシンプルな対比が、複雑な問題（例えば、不動産から取り外された動産の帰属など）を解く際の土台になります。4. 周辺知識（即時取得との関係）ここが混乱しやすいポイントですが、セットで覚えてください。対抗要件としての引渡し（178条）：「正当な権利者（売主）」から買った場合に、ライバル（第三者）に勝つための要件。即時取得の要件（192条）：「無権利者」から買った場合に、真の所有者から権利を奪うための要件。重要： 即時取得の場合、引渡しのうち**「占有改定」だけは認められません**（最判昭35.2.11）。対抗要件（178条）では占有改定もOKなのに、ここが最大のひっかけポイントです。暗記用まとめカード動産の対抗要件： 引渡し（178条）。第三者： 二重譲渡の相手、差押債権者など。引渡しの種類： 4種類すべて対抗要件として有効（占有改定含む）。,,,,,Bの時効完成後に、DがAから甲を買い受けて所有権移転登記を了した場合、Bは、Dに対して、Dが背信的悪意者であったと認められる特段の事情があるときでも、登記なくして時効による所有権取得を対抗することはできない。（ｒ）,,
マシニングセンターの引渡しを受けた賃借人Cは、引渡しを受けて使用収益を開始したが、マシニングセンターの持ち主Bは賃貸期間の途中でDに譲渡した場合、BD間で指図による占有移転が行われなければ、CはDの引渡し請求に応じる必要はない,,,,,1. 根拠（条文・法理）結論：指図による占有移転がない限り、DはCに対抗できない動産に関する物権の譲渡は、**「引渡し」**がなければ第三者に対抗できません（民法178条）。そして、その「引渡し」の特殊な形態が今回のケースに該当します。根拠条文：民法184条（指図による占有移転）代理人（C）によって占有をする場合において、本人（B）がその代理人に対して以後第三者（D）のためにその物を占有することを命じ、その第三者がこれを承諾したときは、その第三者は、占有権を取得する。賃借人Cの立場：Cは「第三者（民法178条）」に該当します。したがって、Dが所有権をCに主張するためには、対抗要件である「引渡し」を受けている必要があります。2. 具体例とメカニズム現状： B（オーナー）が、C（工場など）にマシニングセンターを貸し、Cが実際に使っている（占有している）。売買： BがDにその機械を売った。問題点： 機械はCの手元にあるので、BD間で「現実の手渡し」はできません。解決策： BがCに対して**「今後はDさんのためにその機械を預かって（使って）ください」**と命令（指図）し、Dがそれを承諾することで、法律上の「引渡し」が完了します。結果：この「指図」が行われない限り、DはCに対して「自分が新しいオーナーだ」という証拠（対抗要件）を持っていないことになります。そのため、CはDからの引渡し請求（または賃料請求など）を拒むことができます。3. 過去問の急所（ここが狙われる！）行政書士試験では、**「誰が誰に何を言わなければならないか」**のディテールが問われます。通知と承諾の主体命令する人： 譲渡人（旧オーナー）のB。承諾する人： 譲受人（新オーナー）のD。ひっかけ： 「賃借人Cの承諾が必要である」→ ×（Cの承諾は不要です。命令を受けるだけです）対抗力の発生時期BがCに指図（命令）し、Dが承諾した瞬間にDは対抗要件を備えます。4. 周辺知識（動産の引渡し4パターン再確認）受験生が混乱しやすい「占有改定」と「指図による占有移転」を整理しましょう。種類物の所在手続きのポイント現実の引渡しB → D物理的に移動させる。簡易の引渡しすでにDが持っているBとDの意思表示のみ。占有改定B が持ったままBが「今後はDのために預かる」と宣言する。指図による占有移転C が持っているBがCに命令し、Dが承諾する。暗記のポイント：「指図による占有移転」は、登場人物が3人（B・C・D）いるのが特徴です。BからCへの「命令」があって初めて、外の世界（C）に対してDの権利が認められる、と理解しましょう。受験生へのアドバイスこの論点は、不動産の「賃貸人たる地位の移転」と非常に似ていますが、あちらは「登記」がセットになります。動産の場合はこの「指図による占有移転」が登記の代わりを果たす、という感覚で整理してください。,,,,,Bの時効完成後に、EがAから甲を買い受けて所有権移転登記を了した場合、その後さらにBが甲の占有を取得時効の成立に必要な期間継続したときは、Bは、Eに対し時効を援用すれば、時効による所有権取得をもって登記なくして対抗することができる。,,
動産の受寄者で、当該動産を一時保管するに過ぎないものは、動産の新所有者から引渡し請求に応じなければならない,,,,,1. 根拠（条文・法理）結論：受寄者は「第三者」にあたらないため、引渡しがなくても請求に応じなければなりません。動産に関する物権の譲渡は、「引渡し」がなければ第三者に対抗できません（民法178条）。しかし、この「第三者」とは、引渡しがないことを主張するについて正当な利益を有する者に限定されます。根拠条文：民法178条（動産に関する物権の譲渡の対抗要件）「動産に関する物権の譲渡は、その動産の引渡しがなければ、第三者に対抗することができない。」根拠法理（判例）：大判大正8年10月20日受寄者（単に荷物を預かっているだけの人）は、所有者が誰になろうと「寄託契約に基づいて物を返還する」という義務を負う立場にすぎません。受寄者の立場：受寄者は、譲渡の欠缺（引渡しの有無）を主張するについて「正当な利益を有する第三者」には該当しません。したがって、譲受人（新所有者）は対抗要件を備えていなくても、受寄者に対して所有権を主張できます。2. 具体例とメカニズム現状： Aが、B（R庫業者など）にカメラを預けている。売買： AがCにそのカメラを売った。問題点： AからCへ「指図による占有移転」などの対抗要件（引渡し）の手続きがまだ行われていない。解決策： CはBに対し「私が新しいオーナーだ。返してくれ」と請求する。このときBは「まだAから指図（命令）を受けていないから、君には返さない」と拒むことはできません。結果： 受寄者Bは、Cが真の所有者であると確認できれば、引渡し（対抗要件）の有無に関わらず、その請求に応じる必要があります。3. 過去問の急所（ここが狙われる！）行政書士試験では、**「178条の第三者に含まれるか否か」**という定義の境界線が狙われます。「第三者」に該当しない者（対抗要件不要で勝てる相手）受寄者： 単なる保管者（今回のケース）。不法占有者： 権利なく占有している者（泥棒など）。無権利者： 譲渡人でも譲受人でもない無関係な者。ひっかけ： 「動産の譲受人は、指図による占有移転の手続きを完了しなければ、受寄者に対して所有権を主張することができない」→ ×（誤り）受寄者は「第三者」ではないため、手続き（対抗要件）は不要です。4. 周辺知識（賃借人と受寄者の比較）受験生が最も混乱しやすい「賃借人」との違いを整理しましょう。占有者の属性178条の「第三者」か対抗要件の要否理由受寄者該当しない不要誰に返しても損得がなく、正当な利益がないから。賃借人該当する必要借りる権利を守る正当な利益（抗弁権）があるから。暗記のポイント：「指図による占有移転」が必要なのは、相手が**「賃借人」のように強い権利（正当な利益）を持っている場合です。「受寄者」**のように単に持たされているだけの弱い立場の人には、そんなS度な対抗要件は不要だと覚えましょう。受験生へのアドバイスこの論点は、不動産物権変動の「背信的悪意者」などと同様に、**「法律上の保護に値する第三者とは誰か？」**という視点が問われています。「引渡しが必要なケース」と「不要なケース」を、相手方の占有権原（なぜ持っているのか）に注目して区別してください。,,,,,Bの時効完成後に、FがAから甲につき抵当権の設定を受けてその登記を了した場合、Bは、抵当権設定登記後引き続き甲の占有を取得時効の成立に必要な期間継続したときは、BがFに対し時効を援用すれば、Bが抵当権の存在を容認していたなどの抵当権の消滅を妨げる特段の事情がない限り、甲を時効取得し、その結果、Fの抵当権は消滅する。,,
譲渡担保の引渡しに占有改定は含まれる,,,,,1. 根拠（条文・法理）結論：占有改定による引渡しでも、譲渡担保の対抗要件として認められます。動産に関する物権の譲渡は、「引渡し」がなければ第三者に対抗できません（民法178条）。譲渡担保の設定も「物権の譲渡」にあたるため、対抗要件として引渡しが必要です。そして、この「引渡し」には、物理的な移動を伴わない占有改定も含まれるというのが判例の確立した見解です。根拠条文：民法183条（占有改定）「代理人が自己の占有物を以後本人のために占有する意思を表示したときは、本人は、これによって占有権を取得する。」根拠判例：最判昭和30年6月2日譲渡担保において、設定者（債務者）がそのまま目的物を使い続ける「占有改定」の形であっても、民法178条の引渡しとして有効であり、対抗要件を具備すると判示されています。法理のポイント：譲渡担保は、債務者が目的物を手元に置いて利用し続ける点に実務上のメリットがあります。そのため、形式的な意思表示のみで引渡しを完了させる「占有改定」が対抗要件として不可欠な役割を果たしています。2. 具体例とメカニズム現状： A（町工場の経営者）が、資金調達のために所有する工作機械を債権者Bに譲渡担保に出した。問題点： 機械をBに渡してしまうと、Aは仕事ができなくなり返済もできなくなる。解決策（占有改定）： AとBの間で「所有権はBに移すが、AがBのために預かって使い続ける」と合意（意思表示）する。結果： 機械はAの手元に置いたまま（占有改定）、法律上はBに「引渡し」があったものとみなされ、Bは第三者に対して譲渡担保権を主張できるようになります。3. 過去問の急所（ここが狙われる！）行政書士試験では、「占有改定で足りるもの」と「足りないもの」の区別が最重要です。占有改定でOKなもの：動産物権変動の対抗要件（178条）：譲渡担保の対抗要件具備。二重譲渡の優劣：先に占有改定を受けた者が勝つ。占有改定ではNGなもの（超重要！）：即時取得（192条）の「占有を始めた」：占有改定では即時取得は成立しません（外観上、占有に変化がないため）。質権の設定（344条）：質権は「目的物の引渡し」が効力発生要件ですが、設定者に占有を継続させることは禁止されています（345条）。4. 周辺知識（譲渡担保と質権の比較）受験生が最もミスをしやすい「占有改定」の可否を整理しましょう。担保形式占有改定による設定理由譲渡担保可能（有効）社会的有用性（使いながら借りる）を重視するため。動産質権不可能（禁止）債務者の手元に物を残すと、他の債権者を欺くおそれがあるため（公示の原則）。暗記のポイント：「譲渡担保は占有改定OK、質権は占有改定NG」は、動産担保の最頻出ポイントです。**「質権は手元から離さないといけない（留置的効力）」**という性質とセットで覚えましょう。受験生へのアドバイス「占有改定」は見た目の変化が全くないため、第三者から見ると権利の移動が分かりにくいという弱点があります。だからこそ、**「即時取得には使えない」**という制限がかかるのです。この「公示力の弱さ」を意識すると、各論点での○×が判断しやすくなります。,,,,,Bの時効完成後に、GがAから甲を買い受けて所有権移転登記を了した場合、Bは、Gに対して、登記なくして時効による所有権取得をもって対抗することはできず、その際にBが甲の占有開始時点を任意に選択してその成立を主張することは許されない。,,
集合物譲渡担保契約が締結され、動産の種類、量的範囲、場所が特定された場合、占有改定が行われ、動産の新たな構成部分が集合物としての同一性を損なわない限り、新たな構成部分にも譲渡担保に関する対抗要件の効力が及ぶ,,,,,1. 根拠（条文・法理）結論：新たな構成部分（後から入ってきた在庫など）に対しても、当然に譲渡担保権の効力が及びます。集合物譲渡担保とは、R庫内の商品など、中身が日々入れ替わる動産の集合体を「一個の担保」として扱う手法です。この場合、構成部分が変動しても、一定の範囲で特定されていれば、占有改定によって対抗要件を維持し続けることができます。根拠条文：民法183条（占有改定）「代理人が自己の占有物を以後本人のために占有する意思を表示したときは、本人は、これによって占有権を取得する。」根拠法理（判例）：最判昭和62年11月10日集合物譲渡担保において、①種類、②場所、③量的範囲によって目的物が特定されている場合、一個の集合体として譲渡担保権が成立します。対抗要件の承継：一度「占有改定」による対抗要件を備えれば、その後、構成部分が入れ替わっても、新たに運び込まれた動産について改めて対抗要件（個別の占有改定）を備える必要はありません。集合物としての同一性がある限り、譲渡担保権の効力は当然に及びます。2. 具体例とメカニズム現状： A社が、R庫内の「ボルト全在庫」を担保にB銀行から融資を受けた。特定条件は「第1R庫内の全てのM10ボルト」とした。売買と補充： A社は古いボルトを出荷し、新しいボルトをR庫に補充した。問題点： 新しく入ってきたボルトには、個別に「これはB銀行のものです」という占有改定の合意をその都度行う必要があるか？解決策： 不要です。集合物譲渡担保契約で「種類・場所・量的範囲」が特定され、最初に占有改定があれば、後から入ってきたボルトも自動的に「担保」というバケツの中に入ったものとみなされます。結果： B銀行は、特段の手続きなしに新しく入ったボルトに対しても譲渡担保権（対抗要件あり）を主張できます。3. 過去問の急所（ここが狙われる！）行政書士試験では、**「特定のための3要素」と「同一性」**の関係が問われます。特定の3要素：種類（例：ボルト）場所（例：〇〇R庫内）量的範囲（例：在庫の一切）※これらが特定されていないと、譲渡担保権は成立しません。ひっかけ： 「集合物譲渡担保において、後から搬入された動産については、改めて占有改定の手続きをしなければ対抗要件を備えることができない」→ ×（誤り）同一性が保たれている限り、最初の占有改定の効果が及びます。4. 周辺知識（同一性の判断基準）受験生が迷いやすい「どこまでが担保か」の基準を整理しましょう。判断ポイント内容場所の特定「〇〇R庫内のもの」と限定することで、他の財産と区別（公示）する。同一性の維持種類が同じで、場所が同じであれば、中身が入れ替わっても「同じ一つの集合物」とみなす。即時取得との関係第三者がその集合物の一部を即時取得した場合、その部分は担保から外れる可能性がある。暗記のポイント：集合物譲渡担保は**「中身が変わるバケツ」**をイメージしてください。バケツ（場所・種類・量）にラベルを貼って占有改定（引渡し）を済ませれば、後から投げ込まれた中身にも自動的にそのラベル（担保権）が貼られる、という仕組みです。受験生へのアドバイスこの論点は、一物一権主義の例外（のような扱い）として重要です。本来、動産は一個ごとに特定すべきですが、実務上の必要性から「集合体としての特定」が認められています。「場所・種類・量的範囲」というキーワードが選択肢にあれば、この判例の理論を思い出してください。,,動産物権変動に関する次の記述のうち、民法等の規定および判例に照らし、妥当なものはどれか。,,,Aは自己所有の甲機械をBに譲渡したが、その引渡しをしないうちにAの債権者であるCが甲機械に対して差押えを行った。この場合において、Bは、差押えに先立って甲機械の所有権を取得したことを理由として、Cによる強制執行の不許を求めることはできない。,,
即時取得の引渡しに占有改定は含まれない,,,,,1. 根拠（条文・法理）結論：即時取得を成立させるための「引渡し」に、占有改定は含まれません。動産をT穏・公然・善意・無過失で譲り受けた者が、対抗要件（引渡し）を備えることで権利を取得できるのが即時取得（民法192条）です。しかし、この「引渡し」に占有改定（183条）が含まれるかについては、判例により明確に否定されています。根拠条文：民法192条（即時取得）「取引行為によって、T穏に、かつ、公然と動産の占有を始めた者は、善意であり、かつ、過失がないときは、即時にその動産について行使する権利を取得する。」根拠判例：最判昭和35年2月11日民法192条の「占有を始めた」というためには、外観上、従来の占有状態に変更が生じるような占有を取得することが必要であると判示されました。占有改定の性質：占有改定は「以後、本人のために占有する」という意思表示のみで行われます。外部から見て「占有者に変化があったこと」が分からないため、真の所有者の権利を奪ってまで譲受人を保護する（即時取得を認める）ための公示としては不十分と判断されます。2. 具体例とメカニズム現状： AがBからカメラを借りている（真の所有者はB）。売買： Aが自分のものだと偽って、そのカメラをCに売った。問題点： AはCに対し「これからはCさんのために私が預かっておく（占有改定）」と約束した。カメラはAの手元にあるままである。解決策（即時取得の成否）： Cはまだカメラを現実に受け取っていないため、外観上の変化がありません。この段階ではCに即時取得は成立しません。結果： カメラがAからCへ**「現実の引渡し」**（または簡易の引渡し・指図による占有移転）が行われ、Aの手元を離れて初めて、Cは即時取得により所有権を確定的に取得します。3. 過去問の急所（ここが狙われる！）行政書士試験では、「引渡しの4形態」のうち、どれが即時取得の要件を満たすかが頻出です。即時取得が認められる引渡し：現実の引渡し（物理的に受け取る）簡易の引渡し（もともと持っていた）指図による占有移転（第三者が持っている） ※判例：最判昭57.3.2即時取得が認められない引渡し：占有改定（売主が持ったまま）重要ひっかけ： 「指図による占有移転」は、中間にいる「第三者（R庫業者など）」を介して占有の所在が変わるため、即時取得の要件に含まれます。「占有改定」だけが仲間外れだと覚えましょう。4. 周辺知識（なぜ占有改定はダメなのか？）受験生が納得して覚えるための、判例のロジックを整理します。項目占有改定が否定される理由公示の不備外部から見て、誰が権利者になったのか全く判別できない。静的安全の保護真の所有者（B）の権利を奪うには、それ相応の「目に見える変化」が必要である。即時取得の完成時期占有改定の後、さらに「現実の引渡し」を受けた時点で初めて即時取得が完成する。暗記のポイント：「即時取得」は泥棒や無権利者から所有権を奪い取る強力な制度です。そんな強力なパワーを発動させるには、**「合言葉（意思表示）だけでは足りず、現物にタッチ（または外観の変化）が必要」**だとイメージしてください。受験生へのアドバイス「動産対抗要件（178条）」では占有改定も有効ですが、「即時取得（192条）」では無効です。この**「178条の引渡し」と「192条の占有を始めた（引渡し）」の範囲が異なる点**は、試験で最も狙われるポイントの一つです。,,,,,Dは自己所有の乙機械をEに賃貸し、Eはその引渡しを受けて使用収益を開始したが、Dは賃貸借期間の途中でFに対して乙機械を譲渡した。FがEに対して所有権に基づいて乙機械の引渡しを求めた場合には、Eは乙機械の動産賃借権をもってFに対抗することができないため、D・F間において乙機械に関する指図による占有移転が行われていなかったとしても、EはFの請求に応じなければならない。（ｒ）,,
留置権の引渡しに代理占有は含まれない,,,,,1. 根拠（条文・法理）結論：留置権における占有には、「代理占有（間接占有）」も含まれます。留置権が成立するためには、債権者がその「物を占有していること」が必要です（民法295条1項）。この占有は、債権者自身が直接持っている必要はなく、他人を介して占有する代理占有であっても認められます。根拠条文：民法295条1項（留置権の内容）「他人の物の占有者は、その物に関して生じた債権を有するときは、その債権の弁済を受けるまで、その物を留置することができる。」根拠法理：民法上の「占有」には、特段の制限がない限り、自己で直接占有する場合だけでなく、代理人（占有補助者や寄託先など）を通じて占有する「代理占有（間接占有）」も含まれると解釈されます。制限（重要！）：ただし、債務者を占有代理人として占有させることはできません。 債務者の手元に物が戻ってしまうと、留置権の本質である「返してほしければ金を払え」という心理的圧迫（留置的効力）が失われるためです。2. 具体例とメカニズム現状（代理占有）： AがBの時計を修理し、修理代金が支払われないため留置権を行使した。Aはその時計をR庫業者Cに預けて保管させている。権利の状態： 時計はCの手元にありますが、AはCを介して「代理占有」しています。この場合、Aの留置権は有効に存続します。NGパターン： Aが修理した時計を、「代金を払うまで使わないでね」と言って債務者Bに預けた。結果： これは「債務者を占有代理人とする占有」にあたり、留置権の対抗要件または成立要件を欠く（占有の喪失）として、留置権は消滅します。3. 過去問の急所（ここが狙われる！）行政書士試験では、**「誰が占有しているか」**のディテールが問われます。留置権が認められる占有：債権者による直接占有。第三者を占有代理人とする代理占有（間接占有）。留置権が認められない占有（消滅原因）：債務者を占有代理人とする占有。ひっかけのパターン：「留置権の行使に必要な占有は、直接占有に限られ、代理占有は含まれない」→ ×（誤り）「債務者を占有代理人とすることで、留置権を継続させることができる」→ ×（誤り）4. 周辺知識（質権との比較）「債務者に持たせてはいけない」というルールは質権も共通です。担保形式第三者を介した代理占有債務者を介した代理占有留置権○ 有効× 消滅する動産質権○ 有効× 認められない（345条）暗記のポイント：留置権も質権も、相手を困らせて（留置して）支払いを促す権利です。**「債務者の手元に物が戻ったら、相手は困らない（留置の終了）」**と連動させて覚えましょう。受験生へのアドバイス「占有」という言葉が出てきたら、原則として「直接・間接（代理）の両方を含む」と考えて間違いありません。ただし、留置権や質権のように**「債務者に持たせること」だけをピンポイントで禁止している例外**があるため、そこをセットで押さえるのが得点への近道です。,,,,,Gは自己所有の丙機械をHに寄託し、Hがその引渡しを受けて保管していたところ、GはIに対して丙機械を譲渡した。この場合に、HがGに代わって一時丙機械を保管するに過ぎないときには、Hは、G・I間の譲渡を否認するにつき正当な利害関係を有していないので、Iの所有権に基づく引渡しの請求に応じなければならない。,,
先取特権の引渡しに占有改定は含まれる,,,,,1. 根拠（条文・法理）結論：動産先取特権における「引渡し」に、占有改定は含まれません。先取特権（特に動産保存・売買など）の効力は、債務者がその目的物を第三者に**「引渡し」てしまうと、それ以後は行使できなくなります（民法333条）。この「引渡し」に占有改定**が含まれるかについて、判例は否定的な立場をとっています。根拠条文：民法333条（先取特権と第三取得者）「先取特権は、債務者がその目的である動産をその第三取得者に引渡した後は、その動産について行使することができない。」根拠判例：最判昭和32年6月27日民法333条にいう「引渡し」には、占有改定は含まれないと判示されました。法理のポイント：先取特権は、登記などがなくても法律上当然に発生する非常に強力な権利（法定担保物権）です。もし目に見えない「占有改定」だけで先取特権が消滅してしまうと、債権者の利益を不当に害することになるため、消滅には「現実の引渡し」のような外観上の変化が必要だと考えられています。2. 具体例とメカニズム現状： AがBに工作機械を売り（動産売買先取特権が発生）、Bの工場に置いてある。二重譲渡： Bが資金繰りに困り、その機械をCに売却した。問題点（占有改定）： BとCの間で「機械はBが使い続けるが、所有権はCに移す（占有改定）」という合意がなされた。結果： この段階では、まだ「引渡し（333条）」があったとはみなされません。Aは依然として、Bの手元にある（Cが所有権を持つ）機械に対して、先取特権を行使して差し押さえることができます。消滅のタイミング： 機械が物理的にBの工場から搬出され、C（第三取得者）の手に渡った（現実の引渡し等）時点で、初めてAの先取特権は行使できなくなります。3. 過去問の急所（ここが狙われる！）行政書士試験では、**「占有改定で権利が動くか・消えるか」**の比較が最頻出です。占有改定で「消滅しない」もの：動産先取特権（333条）：占有改定があっても、先取特権者は依然として権利行使が可能。占有改定で「成立しない（認められない）」もの：即時取得（192条）：占有改定では即時取得は完成しない。質権の設定（344条）：設定者に占有を継続させることは禁止。ひっかけのパターン：「債務者が目的動産を第三者に占有改定により譲渡した場合、先取特権はその対抗要件具備により消滅する」→ ×（誤り）占有改定では、先取特権は消滅しません。4. 周辺知識（対抗要件と333条の引渡しの違い）受験生が混乱しやすいポイントを整理しましょう。項目占有改定が含まれるか理由178条の対抗要件○ 含まれる意思表示のみで簡便に公示するため。333条の先取特権消滅× 含まれない法定の権利を簡単に奪わないようにするため（債権者保護）。暗記のポイント：「即時取得」と「先取特権の消滅」は、どちらも**「真の権利者（または法定の権利者）の権利を奪う」**という強力な効果を持ちます。そのため、合言葉だけの「占有改定」では足りず、物理的な移動を伴う引渡しが必要だとセットで覚えましょう。受験生へのアドバイス「占有改定」が否定される代表例は、①即時取得の成立 と ②先取特権の消滅 です。どちらも「外観に変化がないのに権利関係だけ激変させるのはマズい」という価値判断が働いています。この共通点を意識すると、暗記量がグッと減りますよ！,,,,,Jは、自己所有の丁機械をKに対して負っている貸金債務の担保としてKのために譲渡担保権を設定した。動産に関する譲渡担保権の対抗要件としては占有改定による引渡しで足り、譲渡担保権設定契約の締結後もJが丁機械の直接占有を継続している事実をもって、J・K間で占有改定による引渡しが行われたものと認められる。,,
質権の引渡しに占有改定は含まれない,,,,,1. 根拠（条文・法理）結論：質権の設定において、占有改定による引渡しは固く禁じられています。質権は、債権の担保として債務者または第三者から受け取った物を、弁済があるまで留置する権利です。この「引渡し」に占有改定（民法183条）を用いることはできません。根拠条文：民法344条（質権の設定）「質権の設定は、債権者に目的物を引渡すことによって、その効力を生ずる。」根拠条文：民法345条（質権設定者による占有の禁止）「質権者は、質権設定者に自己に代わって目的物の占有をさせることができない。」法理のポイント：質権の本質は、目的物を債務者の手元から引き離すことで「返してほしければ金を払え」という心理的圧迫を与えること（留置的効力）にあります。占有改定を認めると、債務者が引き続き物を利用できてしまい、質権の存在が外部から分からなくなる（公示の原則に反する）ため、法律で明文禁止されています。2. 具体例とメカニズム現状： AがBから10万円を借りる際、自分のS級時計を担保（質入れ）にすることにした。売買（譲渡担保）との違い：譲渡担保の場合： 「所有権はBに移すが、Aが預かって使い続ける（占有改定）」ことが可能です。質権の場合： AとBが「時計はAが持ったままだが、質権を設定したことにしよう」と約束しても、それは法的に無効です。解決策： 質権を有効に成立させるには、AがBに時計を物理的に手渡す（現実の引渡し）か、第三者に預ける（代理占有）必要があります。結果： Bが時計を物理的に支配している状態になって初めて、質権の効力が発生します。3. 過去問の急所（ここが狙われる！）行政書士試験では、「占有改定の可否」を担保形式ごとに比較する問題が定番です。占有改定が「不可」なもの（超重要）：動産質権の設定（345条で明文禁止）。即時取得の成立（192条の「占有を始めた」に含まれない）。占有改定が「可能」なもの：譲渡担保の設定（判例により有効）。動産物権変動の対抗要件（178条の引渡しに含まれる）。ひっかけのパターン：「質権の設定は、設定者が引き続き目的物を占有する占有改定の方法によっても、その効力を生ずる」→ ×（誤り）設定者に占有を継続させることはできません。4. 周辺知識（引渡しの態様の整理）質権設定で認められる引渡しのパターンを確認しましょう。引渡しの種類質権設定での有効性理由現実の引渡し○ 有効物理的に債務者の手元を離れるため。簡易の引渡し○ 有効すでに債権者が持っているので、留置的効力がある。指図による占有移転○ 有効第三者が保管するため、債務者の支配を離れる。占有改定× 無効債務者の手元に残るため（345条）。暗記のポイント：「質（しち）」という漢字には、相手を「人質」に取るような拘束力があります。**「人質（物質）を本人の手元に置いたままでは意味がない」**とイメージすれば、占有改定がNGな理由を忘れにくくなります。受験生へのアドバイス質権は「要物契約（物の引渡しが成立要件）」であるという点が、民法の学習において非常に重要です。同じ引渡しでも、「178条（対抗要件）の引渡し」には占有改定が含まれるが、「344条（質権設定）の引渡し」には含まれないという区別を明確にしておきましょう。,,,,,集合動産譲渡担保が認められる場合において、種類、量的範囲、場所で特定された集合物を譲渡担保の目的とする旨の譲渡担保権設定契約が締結され、占有改定による引渡しが行われたときは、集合物としての同一性が損なわれない限り、後に新たにその構成部分となった動産についても譲渡担保に関する対抗要件の効力が及ぶ。,,
譲渡担保の引渡しに占有改定は含まれる,,,,,1. 根拠（条文・法理）結論：占有改定による引渡しでも、譲渡担保の対抗要件として認められます。動産に関する物権の譲渡は、「引渡し」がなければ第三者に対抗できません（民法178条）。譲渡担保の設定も「物権の譲渡」にあたるため、対抗要件として引渡しが必要です。この「引渡し」には、物理的な移動を伴わない占有改定も含まれるというのが判例の確立した見解です。根拠条文：民法183条（占有改定）「代理人が自己の占有物を以後本人のために占有する意思を表示したときは、本人は、これによって占有権を取得する。」根拠判例：最判昭和30年6月2日譲渡担保において、設定者（債務者）がそのまま目的物を使い続ける「占有改定」の形であっても、民法178条の引渡しとして有効であり、対抗要件を具備すると判示されています。法理のポイント：譲渡担保は、債務者が目的物を手元に置いて利用し続ける点に実務上のメリットがあります。そのため、形式的な意思表示のみで引渡しを完了させる「占有改定」が対抗要件として不可欠な役割を果たしています。2. 具体例とメカニズム現状： A（町工場の経営者）が、資金調達のために所有する工作機械を債権者Bに譲渡担保に出した。問題点： 機械をBに渡してしまうと、Aは仕事ができなくなり返済もできなくなる。解決策（占有改定）： AとBの間で「所有権はBに移すが、AがBのために預かって使い続ける」と合意（意思表示）する。結果： 機械はAの手元に置いたまま（占有改定）、法律上はBに「引渡し」があったものとみなされ、Bは第三者に対して譲渡担保権を主張できるようになります。3. 過去問の急所（ここが狙われる！）行政書士試験では、「占有改定で足りるもの」と「足りないもの」の区別が最重要です。占有改定でOKなもの：動産物権変動の対抗要件（178条）：譲渡担保の対抗要件具備。二重譲渡の優劣：先に占有改定を受けた者が勝つ。占有改定ではNGなもの（超重要！）：即時取得（192条）の「占有を始めた」：占有改定では即時取得は成立しません（外観上、占有に変化がないため）。質権の設定（344条）：質権は「目的物の引渡し」が効力発生要件ですが、設定者に占有を継続させることは禁止されています（345条）。4. 周辺知識（譲渡担保と質権の比較）受験生が最もミスをしやすい「占有改定」の可否を整理しましょう。担保形式占有改定による設定理由譲渡担保○ 可能（有効）社会的有用性（使いながら借りる）を重視するため。動産質権× 不可能（禁止）債務者の手元に物を残すと、他の債権者を欺くおそれがあるため（公示の原則）。暗記のポイント：「譲渡担保は占有改定OK、質権は占有改定NG」は、動産担保の最頻出ポイントです。**「質権は手元から離さないといけない（留置的効力）」**という性質とセットで覚えましょう。受験生へのアドバイス「占有改定」は見た目の変化が全くないため、第三者から見ると権利の移動が分かりにくいという弱点があります。だからこそ、**「即時取得には使えない」**という制限がかかるのです。この「公示力の弱さ」を意識すると、各論点での○×が判断しやすくなります。,,,,,※動産を寄託により一時保管するに過ぎない者は、民法178条の「第三者」にあたらない。,,
即時取得において、占有開始におけるT穏、公然、善意は推定され、無過失は推定されないが外観を有していればよい,,,,,1. 根拠（条文・法理）結論：T穏・公然・善意は条文で推定されますが、無過失は推定されません。ただし、占有という外観があれば、無過失の「評価」に有利に働きます。即時取得（民法192条）が成立するためには、譲受人が**「T穏・公然・善意・無過失」**で占有を開始する必要があります。これらの要件のうち、どれが法的にバックアップ（推定）されているかを整理することが重要です。根拠条文：民法186条1項（占有の態様等に関する推定）「占有者は、所有の意思をもって、善意で、T穏に、かつ、公然と占有をするものと推定する。」無過失の扱い：186条1項には「無過失」の文字がありません。そのため、判例（最判昭41.6.9）は**「無過失は推定されない」**としており、即時取得を主張する側が、過失がなかったことを証明（または評価の基礎となる事実を提示）する必要があります。法理（外観の法理）：無過失そのものは推定されませんが、譲渡人がその物を占有しているという**「外観」**を信頼して取引をしたのであれば、特段の事情がない限り、譲受人に過失は認められない（無過失の評価を導く）という考え方がとられます。2. 具体例とメカニズム現状： Aが、友人Bから「俺のカメラだ」と言われてカメラを買い、その場で受け取った。実際にはそのカメラはBがCから盗んだものだった。推定される部分： Aが泥棒とは知らず（善意）、堂々と（公然）、穏やかに（T穏）受け取ったことは、民法186条によって法的に仮定されます。C（真の所有者）が「いや、Aは怪しんでいたはずだ」と反証しない限り、Aが有利です。証明が必要な部分： Aが「Bが真の所有者だと信じるにあたって、不注意がなかったこと（無過失）」については、A側が状況を説明する必要があります。外観の役割： 「Bがカメラを手に持っていた（占有していた）」という外観があれば、Aが「Bのものだ」と信じるのはもっともであると判断されやすく、無過失が認められる大きな根拠となります。3. 過去問の急所（ここが狙われる！）行政書士試験では、**「186条1項に含まれないものはどれか」**という形で、推定の範囲が問われます。推定されるもの（立証責任が相手方にある）：善意T穏公然（＋186条2項により、前後の占有による「占有継続」も推定）推定されないもの（立証責任が自分にある）：無過失ひっかけ： 「即時取得における無過失は、民法186条1項により推定されるため、主張者は自ら無過失を立証する必要はない」→ ×（誤り）4. 周辺知識（推定の有無の整理）他の条文との混同を避けるため、以下の表で整理してください。要件推定の有無根拠条文T穏・公然・善意○ 推定される民法186条1項無過失× 推定されない判例（最判昭41.6.9）暗記のポイント：「即時取得の4点セット（T穏・公然・善意・無過失）」のうち、**「無過失だけが仲間外れ（推定なし）」**と覚えましょう。186条を音読したときに「無過失」という言葉が出てこないことを意識するのがコツです。受験生へのアドバイスこの論点は、単に「無過失は推定されない」と覚えるだけでなく、**「だから、誰が立証責任を負うのか？」**という実務的な視点と結びつけると得点力が上がります。また、占有改定（183条）では「外観」の変化がないため、即時取得が否定されるという知識ともセットで整理しておきましょう,,占有改定等に関する次のア～オの記述のうち、民法の規定および判例に照らし、妥当でないものの組合せはどれか。,,,即時取得が成立するためには占有の取得が必要であるが、この占有の取得には、外観上従来の占有事実の状態に変更を来たさない、占有改定による占有の取得は含まれない。,,
他人の土地を２０年以上占有した者が当該土地を時効取得する場合、他主占有事情が証明されたとき、時効取得の事情を排斥される,,,,,1. 根拠（条文・法理）結論：他主占有事情（所有の意思がないことを示す客観的事実）が証明されると、自主占有の推定が覆り、時効取得は認められなくなります。取得時効（民法162条）の成立には、**「所有の意思」**をもって占有することが必要です（自主占有）。しかし、民法186条1項により占有者は「所有の意思」があるものと推定されるため、時効を阻止したい側（元の所有者など）が、その推定を覆すために「他主占有事情」を証明しなければなりません。根拠条文：民法186条1項（占有の態様等に関する推定）「占有者は、所有の意思をもって、善意で、T穏に、かつ、公然と占有をするものと推定する。」根拠法理（他主占有事情）：自主占有の推定を覆すための事由であり、主に以下の2点です。権原の外形的客観的性質： 占有を開始した原因（権原）が、賃貸借契約のように「返還する義務」を伴うものであること。占有に関する外形的客観的事実： 占有者が他人の所有権を認めているとしか思えない行動（賃料の支払い、所有者への買い取り申し出など）をとっていること。2. 具体例とメカニズム現状： AがBの土地を20年間占有し続けている。Aは「自分の土地だと思って使っていた」と主張。原則（推定）： Aは186条1項により、最初から「所有の意思（自主占有）」があったものと扱われる。反論（他主占有事情）： Bが「実は20年前、Aは私からこの土地を**借りる契約（賃貸借）**を結んでいた」という証拠を出した。結果： 「借りる（賃借権）」という権原は、外形的・客観的に見て「所有の意思」を否定する性質を持つため、Aの自主占有の推定は消滅します。結論： Aの占有は「他主占有」となり、たとえ20年（あるいは善意無過失で10年）経過していても、取得時効は成立しません。3. 過去問の急所（ここが狙われる！）行政書士試験では、「所有の意思」が主観的なものか、客観的なものかが鋭く問われます。判断基準： 「所有の意思」の有無は、占有者の主観（心の中）ではなく、占有取得の原因となった権原の性質や、外形的客観的事実によって決まります。ひっかけ： 「占有者が内心で『自分のものだ』と信じていれば、他主占有権原であっても自主占有とみなされる」→ ×（誤り）他主占有が自主占有に変わる要件（民法185条）：自己に占有をさせた者（所有者など）に対して、所有の意思があることを表示すること。または、新たな権原（売買など）によりさらに占有を始めること。4. 整理テーブル時効取得における「推定」と「排斥」の関係です。項目内容影響推定（186条1項）所有の意思をもって占有しているとみなす。占有者（時効主張者）が有利。他主占有権原賃貸借、使用貸借、寄託など。自主占有の推定が排斥される。他主占有事情賃料の支払い、固定資産税の未納など。自主占有の推定が排斥される。暗記のポイント：「時効取得は泥棒でもできるが、**借りている人（他主占有）**には絶対にできない」と覚えましょう。所有者の推定という強力な壁を壊す唯一の武器が「他主占有事情の証明」です。受験生へのアドバイス取得時効の論点は、「20年」という数字よりも、この「占有の態様（所有の意思）」の判定プロセスが試験の肝です。186条1項で「推定」され、185条で「転換」され、他主占有事情で「排斥」される。この3つのキーワードの流れを意識して整理してください。,,,,,留置権が成立するためには他人の物を占有することが必要であるが、この占有には、債務者を占有代理人とした占有は含まれない。,,
本来はAの土地である甲土地を無権利者のBから買ったCが、自分の土地であることを信じて、トウガラシを育てた場合、Aから本権の訴えがない限り、Cはトウガラシを収穫できる,,,,,1. 根拠（条文・法理）結論：善意の占有者であるCは、果実（トウガラシ）を収穫し、自分のものにすることができます。占有者が、自分にその権利があると信じて占有している場合、その物から生じる利益を享受する権利が認められています。根拠条文：民法189条1項（善意の占有者による果実の取得）「善意の占有者は、占有物から生ずる果実を取得する。」法理のポイント：善意の占有者（C）は、自分が所有者だと信じているため、その物を活用して得た利益を消費するのが通常です。後から真の所有者（A）に全て返還させるのは酷であるという「信頼保護」の観点から、収穫物（果実）の返還義務を免除しています。2. 具体例とメカニズム現状： Cは無権利者のBから甲土地を買い、自分がオーナーだと信じて占有を開始した（善意の占有）。活動： Cは甲土地でトウガラシを栽培し、収穫した。権利の所在： トウガラシは土地から生じる「天然果実」です。189条1項により、Cはこの収穫物に対する所有権を取得します。制限： もしAが「本権の訴え（土地返還請求など）」を起こし、Aが勝訴した場合は、その訴えの提起時からCは「悪意の占有者」とみなされ、それ以降の果実を取得できなくなります（民法190条、191条後段）。3. 過去問の急所（ここが狙われる！）行政書士試験では、**「果実を取得できる期間」と「悪意に切り替わるタイミング」**が最重要です。果実を取得できる者：善意の占有者（過失の有無は問わない。善意であればOK）。果実を返還しなければならない者：悪意の占有者。善意であっても、本権の訴えに敗訴した者（「訴えの提起時」から悪意とみなされる）。ひっかけ： 「Cが善意であっても過失がある場合は、収穫したトウガラシをAに返還しなければならない」→ ×（誤り）善意であれば、過失があっても果実取得権は認められます。4. 周辺知識（果実取得と不当利得の関係）受験生が混乱しやすい、返還義務の範囲を整理しましょう。占有者の態様果実（トウガラシ）の帰属Aへの返還義務善意の占有者Cのものになるなし（消費してよい）悪意の占有者Aのものになるあり（果実を返還、消費済みなら代価を償還）暗記のポイント：「善意の占有者は、トウガラシを食べても（果実を収穫しても）怒られない」と覚えましょう。ただし、Aが裁判を起こしてCが負けたら、**「裁判が始まった日」**まで遡って、それ以降の分は返さなければなりません。受験生へのアドバイス189条1項の「善意」は、「無過失」まで要求されないという点が試験での重要ポイントです。また、果実取得権がある代わりに、善意の占有者は通常の管理費用（必要費）を所有者に請求できない（民法196条1項但書）というルールもセットで狙われます。,,,,,先取特権の目的動産が売買契約に基づいて第三取得者に引き渡されると、その後は先取特権を当該動産に対して行使できないこととなるが、この引渡しには、現実の移転を伴わない占有改定による引渡しは含まれない。,,
Bのスイッチ２をCが保管していたところ、デトウに盗まれた。Cはデトウに対しスイッチ２の返還請求及び損害賠償請求をすることができる,,,,,,,,,,質権が成立するためには目的物の引渡しが必要であるが、この引渡しには、設定者を以後、質権者の代理人として占有させる、占有改定による引渡しは含まれない。,,
Bのスイッチ２を受寄者のCが保管していたところ、BがCに対し、今後Dのためにこれを保管することを命じ、Dが承諾した場合、Dはスイッチ２の占有権を取得する,,,,,,,,,,動産の譲渡担保権を第三者に対抗するためには目的物の引渡しが必要であるが、この引渡しには、公示性の乏しい占有改定による引渡しは含まれない。,,
隣地との境界線から１メートル未満の距離に窓、縁側、ベランダを設けることができるが、目かくしを設けなければならない,,,,,,,,,,※競売による競落は、即時取得の取引行為にあたるが、相続による取得は、これにあたらない。,,
隣地から竹木の枝が境界線を越えて侵入してきた場合、竹木の所有者に催告しなければ、枝を切除することはできない,,,,,1. 根拠（条文・法理）結論：原則として催告（切除の請求）が必要ですが、例外的に催告なしで切除できるケースが新設されました。2023年（令和5年）4月の民法改正により、隣地から越境してきた「枝」の取り扱いが大きく変わりました。以前は「裁判をしなければ切れない」のが原則でしたが、現在は一定の条件下で自ら切除することが可能です。根拠条文：民法233条3項隣地の竹木の所有者に枝を掃去（切除）するよう求めたにもかかわらず、「相当の期間内」に切除しないときは、その枝を自ら切り取ることができると定められました。催告なしで切除できる例外（同項2号・3号）：竹木の所有者を知ることができず、又はその所在を知ることができないとき。急迫の事情があるとき。法理のポイント：所有権の侵害に対する自力救済は原則禁止ですが、所有者が対応しない場合や連絡がつかない場合にまで隣人の忍耐を強いるのは不合理であるため、ルールが緩和されました。2. 具体例とメカニズム現状： 隣の家の梅の木が、自分の家のカーポートにまで伸びてきた。原則的な流れ：まず隣人に「〇月〇日までに切ってください」と手紙や口頭で伝える（催告）。「相当の期間（一般的に2週間程度）」待っても切ってくれない。結果： 自分で業者を呼ぶか、自ら枝を切ることができるようになります。例外的なケース：空き家問題： 登記簿を見ても所有者が死んでいて相続人も不明。この場合は催告の相手がいないため、直ちに切除可能です。台風直前： 今にも枝が折れて窓ガラスを割りそう（急迫の事情）。この場合も催告なしで切除できます。3. 過去問の急所（ここが狙われる！）行政書士試験では、「枝」と「根」のルールの違い、および**「改正前後の違い」**が最も狙われます。対象自ら切除できるか条件根（233条4項）いつでも可能催告不要。昔から変わらないルール。枝（233条3項）条件付きで可能原則として催告が必要（改正により裁判不要に）。ひっかけのパターン：「隣地の竹木の枝が境界線を越えるときは、その所有者に切除させることはできるが、隣地の所有者は自らこれを切り取ることはできない」→ ×（誤り）※改正により、催告後や緊急時には自ら切り取れるようになりました。4. 周辺知識（切除費用の負担）切った後の「お金」についても実務・試験の両面で重要です。費用の負担（不法行為・不当利得）：枝の切除にかかった費用は、原則として竹木の所有者に請求できると考えられています。なぜなら、本来は所有者が管理すべき義務を怠ったために発生した費用だからです。切った枝の所有権：自ら切除した枝の所有権は、切除した者に帰属すると解されています（そうしないと、切った後に枝の処分もできなくなるため）。暗記のポイント：「根っこは根性が座っているから勝手に切ってOK、枝っこは大家（所有者）に一言いうのが筋（催告）」と覚えましょう。受験生へのアドバイスこの論点は最新の改正点であるため、古いテキストを使っていると「裁判が必要」という誤った知識を覚えてしまう危険があります。最新の民法233条は、現代の空き家問題などに対応するための「実務に即したルール」であることを意識すると、記憶に残りやすくなります。,,,,,※木の伐採は取引行為にあたらないが、これを譲り受ける場合は、取引行為にあたる。,,
隣地から竹木の根が根が境界線を越えて侵入してきた場合、根を切除することができる,,,,,1. 根拠（条文・法理）結論：その通りです。隣地から越境してきた「根」については、裁判や催告の手続きを踏むことなく、自ら切り取ることができます。民法は、枝と根で異なるルールを定めています。根については、土地の利用を直接的に妨げる度合いが強く、また枝に比べて管理が困難であることから、より簡便な解決が認められています。根拠条文：民法233条4項（竹木の枝の切除等）「隣地の竹木の根が境界線を越えるときは、その根を切り取ることができる。」法理のポイント：枝については原則として所有者に切除を求める必要がありますが（233条3項）、根については**「自力救済」が例外的に認められています。** これは、根が地中にあるため所有者による管理が難しく、放置すると建物の基礎や配管に悪影響を及ぼす可能性がSいためです。2. 具体例とメカニズム現状： 隣の家の竹藪から、自分の家の庭にまで根が伸びてきて、タイルの隙間から顔を出している。切除のアクション：隣人に「切ってください」と頼む必要はありません。自分の敷地内に入ってきている部分であれば、自らスコップやノコギリで切り取って処分できます。事後の対応：切り取った根の処分費用や、根によって壊されたタイルの修理費用などは、不法行為（709条）に基づき隣人に請求できる可能性があります。注意点：あくまで「境界線を越えてきた部分」に限ります。勝手に隣地の敷地に入って元から絶つようなことは認められません。3. 過去問の急所（ここが狙われる！）行政書士試験では、「枝」と「根」の取り扱いの違いを入れ替えて問う問題が鉄板です。対象自ら切除できるか手続きの要否根できるいつでも直ちに可能（催告不要）枝条件付きでできる原則としてまず催告が必要（令和5年改正）ひっかけのパターン：「隣地の竹木の根が境界線を越えて侵入してきた場合、その所有者に切除させることはできるが、自らこれを切り取ることはできない」→ ×（誤り）（理由：根は自ら切り取ることが認められています）4. 周辺知識（令和5年改正による変更点）以前は「枝は裁判をしないと切れない、根は勝手に切れる」という対比でしたが、改正により枝のルールが緩和されました。枝の切除（改正後）：催告しても相当期間内に切らないとき所有者不明のとき急迫の事情があるとき上記の場合には、枝であっても自ら切除できるようになりました。根の切除（変更なし）：根については、改正後も「いつでも切れる」というルールに変わりはありません。暗記のポイント：「根っこは根性で今すぐ切れる。枝っこは一言（催告）言ってから。」受験生へのアドバイスこの論点は、民法233条の「枝」と「根」の対比がすべてです。特に令和5年の改正によって「枝も自ら切れるケース」が増えたため、古い問題集を使っていると「枝は自ら切れない」という選択肢を正解だと思い込んでしまうリスクがあります。常に**「根は無条件、枝は条件付き」**という最新の物権法のスタンスを整理しておきましょう。,,,,,※制限行為能力、意思表示上の瑕疵、意思の不存在、無権代理は、即時取得の対象とならない。,,
境界壁の保存費用は相隣者が等しい割合で負担する,,,,,1. 根拠（条文・法理）結論：その通りです。境界線上に設置された囲障（壁やフェンス）の設置や保存（修理）にかかる費用は、相隣者が等しい割合で負担します。民法は、隣り合う土地の所有者が円満に生活できるよう、共有部分の管理コストをT等に分担するルールを定めています。根拠条文：民法227条（囲障の設置及び保存の費用）「囲障の設置及び保存の費用は、相隣者が等しい割合で負担する。」法理のポイント：境界線上の壁は、両方の土地の所有者に利益をもたらすものであるため、費用も折半するのが原則です。なお、これに関連して境界線上の囲障は、相隣者の「共有」に属するものと推定されます（229条）。2. 具体例とメカニズム現状： 隣の家との境界にあるブロック塀が老朽化し、崩れそうなので修理することになった。費用の分担：修理費用（保存費用）が総額10万円かかった場合、自分と隣人で5万円ずつ出し合います。意思決定：勝手に豪華な壁に作り替えて「半分払え」と言うことはできません。設置する場合の標準的なルール（材質やSさ）は、当事者間の協議や慣習に従います（225条2項）。3. 過去問の急所（ここが狙われる！）行政書士試験では、**「費用の負担割合」と「土地の所有権との関係」**が問われます。項目内容設置・保存費用の負担相隣者が等しい割合で負担する（227条）。測量費用の負担土地の面積に応じて按分する（224条参照 ※境界標の設置など）。所有権の推定境界線上の囲障等は、相隣者の共有と推定する（229条）。ひっかけのパターン：「境界壁の保存費用は、それぞれの土地の面積の割合に応じて負担する」→ ×（誤り）※面積比で計算するのは「測量費用」などであり、壁の費用は「等しい割合（折半）」です。4. 周辺知識（例外：片方の負担になる場合）常に折半とは限らないケースもあります。単独所有の壁：自分の敷地内（境界線の内側）に自分のお金だけで建てた壁であれば、その保存費用は当然に自分一人が負担します。特別の慣習：その地域に「壁の費用は年長者が持つ」といった異なる慣習がある場合は、その慣習が優先されます（228条）。よりS価な壁を望む場合：一方の者が、標準的なものよりSく、またはより堅固なものにしたいと望む場合は、その増分費用は望んだ者が単独で負担しなければなりません（226条参照）。暗記のポイント：「壁の修理は半分こ、土地の測量は**広さ（面積）**で割り勘。」受験生へのアドバイス相隣関係の費用負担については、「折半」なのか「面積比」なのかを入れ替えてくる問題が非常に多いです。エンジニア的に考えるなら、壁の修理は「どちらの土地が広くても、壁に面している条件は同じ」なので等分（Fixed Split）、測量は「土地の広さに比例して工数が変わる」ので**面積比（Variable by Area）**とロジックを立てておくと、本試験で迷わなくなります。,,,,,※即時取得、質権、不法原因給付の場合、占有改定による引渡しは認められない。,,
隣の家の屋根から雨水が直接注がれた場合、雨どい等の防止設備の設置を請求することができ、損害があれば損害賠償請求をすることができる,,,,,1. 根拠（条文・法理）結論：その通りです。土地の所有者は、雨水が直接隣地に注ぎ込むような屋根や工作物を設置してはならず、違反があれば設備の設置請求や損害賠償が可能です。民法は、隣接する土地の所有者が互いに不利益を被らないよう、水の排出に関してもルールを定めています。根拠条文：民法218条（雨水を直接に注ぐ工作物の設置の禁止）「土地の所有者は、直接に雨水を隣地に注ぐ構造の屋根その他の工作物を設けてはならない。」法理のポイント：設置・修繕請求： すでに直接雨水が注ぎ込む構造になっている場合、隣人はその是正（雨どいの設置や屋根の改修）を求めることができます（物権的請求権の一種）。損害賠償： その雨水によって壁が汚れた、庭が浸食されたなどの実害が出た場合は、不法行為（709条）に基づき損害賠償を請求できます。2. 具体例とメカニズム現状： 隣に新築された家の屋根に「雨どい」がなく、雨が降るたびに自分の家の外壁に直接バシャバシャと水が跳ね返っている。請求のアクション：隣人に対し、「屋根の構造を改めて、雨どいを付けてください」と請求します（218条違反）。もし外壁にカビが生えたり塗装が剥げたりしたなら、その修理費用を「損害賠償」として請求します。メカニズム：この規定は、雨水が「自然に」流れてくること（214条）を禁じているのではなく、人間が作った「工作物」によって「作為的に」隣地に水を叩きつけることを禁じているのがミソです。3. 過去問の急所（ここが狙われる！）行政書士試験では、「自然な流水」と「工作物による排水」のルールの違いが最も狙われます。水の種類条文ルール拒否の可否自然の流水214条高地から低地へ自然に流れる水。防いではならない。（低地の義務）屋根からの雨水218条屋根や樋（とい）を通じた水。直接注いではならない。生活・工業排水220条浸水地を乾かすための排水など。公共の流水まで通せる。ひっかけのパターン：「高地の所有者は、その土地に自然に降り注いだ雨水が低地に流れ込まないよう、防止設備を設置する義務を負う」→ ×（誤り）（理由：自然に流れるものは、低地の人が受け入れなければなりません。218条はあくまで「屋根などの工作物」の話です）4. 周辺知識（自然な流水の妨害禁止）218条と対をなす「自然の流水（214条）」についても整理しましょう。水流の妨害禁止（214条）：低い土地の所有者は、高い土地から自然に流れてくる水を、堤防などを作ってせき止めてはいけません（受水義務）。承諾なしの工事（216条）：もし水流が詰まって隣地に損害を及ぼす恐れがあるときは、自分の負担で必要な修繕を行うことができます。暗記のポイント：「自然な水はガマンして受け入れる（214条）、屋根からの水は文句を言っていい（218条）。」受験生へのアドバイス相隣関係の「水」に関する問題は、その水が**「自然」なものか、人間の「工作物」**によるものかを判別するのが解法のアルゴリズムです。プログラミングで言えば、自然流水は「システム標準の動作（デフォルト）」であり、屋根の雨水は「ユーザー定義の割り込み処理（カスタマイズ）」のようなものです。勝手な割り込みでシステム（隣地）に負荷をかけてはいけない、と考えると納得しやすいかもしれません。,,,,,※動産を盗品または遺失により即時取得されたときは、この占有者に対し、盗品または遺失の日から2年間、その物の回復を請求することができる。,,
Bが他人の共有地甲の上に無断で乙建物を建てて甲を占有している場合、共有者のひとりであるGはBに対し、建物の収去および土地の明け渡しならびに自己の持分の損害賠償請求ができる,,,,,"1. 根拠（条文・法理）
結論：その通りです。共有者のひとりは、単独で不法占拠者に対して建物の収去・土地の明渡しを請求でき、自分の持分に応じた損害賠償も請求可能です。

共有物の管理については、その内容によって「保存・管理・変更」の3つに分かれますが、不法占拠者への対応は共有者全員の利益になるため、ひとりで行うことが認められています。

根拠条文：民法252条5項（保存行為）
「各共有者は、……共有物の保存行為をすることができる。」

法理のポイント：

物権的請求権（妨害排除・返還請求）： 不法占拠者Bに対し、「建物を壊して出ていけ」と言うのは、共有物の価値を守る「保存行為」にあたります。そのため、Gは単独で、共有物全体についての収去・明渡しを請求できます。

金銭債権（損害賠償・不当利得）： お金に関する請求は、各人の持分に応じて分割される「可分債権」です。そのため、Gは自分の持分の範囲内でのみ、Bに対して損害賠償（賃料相当額など）を請求できます。

2. 具体例とメカニズム
現状： A・B・Cが1/3ずつ共有している土地（甲）に、全く無関係なXが勝手に家を建てて住み着いた。

G（共有者の一人）のアクション：

建物の取り壊し請求： GはひとりでXに対し、「その家を壊せ」と裁判で言えます（保存行為）。

土地の明渡し請求： GはひとりでXに対し、「土地を返せ（自分に明け渡せ）」と言えます。

損害賠償の計算：

もしその土地の月額賃料相当額が30万円だった場合、GがXに請求できるのは、自分の持分1/3にあたる10万円のみです。「他の共有者の分もまとめて30万円払え」とは言えません。

3. 過去問の急所（ここが狙われる！）
行政書士試験では、「単独でできること」と「持分に限られること」の区別が最頻出です。

請求の内容	請求できる範囲	法的性質
建物の収去請求	全部（建物ごと）	保存行為（252条5項）
土地の明渡し請求	全部（土地ごと）	保存行為（252条5項）
不当利得返還請求	自分の持分のみ	可分債権
損害賠償請求	自分の持分のみ	可分債権
ひっかけのパターン：
「共有者の一人は、不法占拠者に対し、他の共有者の同意を得なければ土地の明渡しを請求することができない」→ ×（誤り）
「共有者の一人は、不法占拠者に対し、不当利得として賃料相当額の全額の支払いを請求できる」→ ×（誤り）

4. 周辺知識（共有物の管理ルールの整理）
令和5年施行の改正民法により、条文番号や内容が整理されました。

保存行為（252条5項）： 各共有者が単独でできる。（例：修繕、不法占拠者への返還請求）

管理行為（252条1項）： 共有者の持分の過半数で決める。（例：賃貸借契約の解除、軽微な変更）

変更行為（251条1項）： 共有者全員の同意が必要。（例：建物の新築、抵当権の設定）

暗記のポイント：
「追い出すのは一人でOK（保存）、お金は自分の取り分だけ（分割）、貸し出すのは過半数（管理）、建てちゃうのは全員一致（変更）。」

受験生へのアドバイス
不法占拠者に対する明渡し請求が、なぜ「共有者全員のため」ではなく「自分に対して明け渡せ」と言えるのか不思議に思うかもしれません。これは、各共有者が「物全体」に対して持分権を持っているため、その侵害を排除する権利も物全体に及ぶという理屈です。
一方で、お金（損害賠償）については「価値が切り分けられる」ため、自分の財布に関係ない分までは口出しできない、と区別しておきましょう。",,占有権に関する次の記述のうち、民法の規定および判例に照らし、妥当でないものはどれか。,,,Aが所有する動産甲（以下「甲」という。）の保管をAから委ねられ占有しているBが、甲を自己の物と称してCに売却した場合、甲に対するCの即時取得の成立要件について、占有開始におけるCのT穏、公然、善意および無過失は推定される。,,
Cが、R、S、Tの共有する乙建物をRの承諾のもと賃借して居住し、R、S、Tの共有する甲土地を占有した場合、S、Tは当然には乙建物の明渡しをCに請求できない,,,,,1. 根拠（条文・法理）結論：その通りです。共有者の一人から承諾を得て占有している者に対し、他の共有者は「当然には」明渡しを請求することはできません。共有物の「使用」に関する権利と、「管理」に関するルールの整理がポイントです。根拠条文：民法249条（共有物の使用）「各共有者は、共有物の全部について、その持分に応じた使用をすることができる。」法理のポイント（最判昭和41年5月19日）：共有者（R）は、持分に応じて共有物全体を使用する権利を持っています。占有者（C）が、共有者の一人（R）から正当に占有の承諾を得ている場合、Cの占有はRの使用権に基づいたものとなります。他の共有者（S・T）も使用権を持っていますが、C（またはR）の占有もまた「共有権に基づくもの」であるため、当然に「出ていけ」と排除することはできないとされています。2. 具体例とメカニズム現状： R、S、Tが3分の1ずつ共有している建物（乙）がある。Rが勝手にCに貸し出した。S・Tの主張： 「俺たちの許可なく貸すのは『管理行為（過半数が必要）』だろ！Cは不法占拠だ、出ていけ！」裁判所の判断：確かに、Cに貸すという決定には持分の過半数（管理行為）が必要です。しかし、Cは共有者の一人であるRの「全部を使用できる権利（249条）」を介して占有しています。S・Tも「全部を使用できる権利」を持っていますが、それはお互いに妨げない範囲で認められるものです。したがって、SやTが「自分たちがどう使うか」を具体的に決め（管理行為の決定）、それがCの占有を上回る正当な理由にならない限り、一方的にCを追い出すことはできません。3. 過去問の急所（ここが狙われる！）行政書士試験では、「不法占拠者」と「共有者の承諾がある占有者」の区別が最頻出です。占有者の状態他の共有者1人からの請求結論全く無関係な不法占拠者明渡し・収去を請求できる◯（保存行為）共有者の一人（R）明渡しを請求できる×（当然には不可）共有者（R）の承諾を得た人明渡しを請求できる×（当然には不可）ひっかけのパターン：「共有者の一人が、他の共有者の同意なく共有物を第三者に賃貸した場合、他の共有者は、その持分権に基づき、当然に当該第三者に対して明渡しを請求できる」→ ×（誤り）4. 周辺知識（管理行為のルール）「当然には追い出せない」としても、SやTが泣き寝入りするわけではありません。管理行為の決定（252条1項）：SとTが協力して（持分2/3）、**「Cとの契約を解除し、今後は自分たちで使う」**という決定を下せば、その決定に基づいてCの占有を排除することが可能になります。不当利得返還請求：SとTは、C（またはR）に対し、自分たちの持分に応じた**「賃料相当額」の支払い**を請求することは可能です。暗記のポイント：「不法なやつは一人で追い出せる（保存）、身内（共有者）のツテがあるやつは、話し合い（過半数の決定）なしには追い出せない。」受験生へのアドバイスこの論点は、エンジニア的な視点で見ると「権限（Permission）」の競合問題です。不法占拠者は「権限（Token）なし」なのでシステムから即座にKickできますが、CはRという「管理者権限の一部（共有権）」を持つ者から発行された有効な（ただし不完全な）トークンを持っています。この場合、単独の管理者（S）が独断で無効化することはできず、管理者グループの過半数（Majority）による「設定変更（管理行為の決定）」が必要になる、と考えるとロジックが整理しやすいですよ。,,,,,Aが所有する乙土地（以下「乙」という。）をBが20年以上にわたって占有し、所有権の取得時効の成否が問われる場合、Aが、Bによる乙の占有が他主占有権原に基づくものであることを証明しない限り、Bについて他主占有事情が証明されても、Bの所有の意思が認められる。（ｒ）,,
R、S、Tで共有地甲を分割する際、甲土地上の乙建物の所有者であるCに対し分割に際する通知をする義務はないが、Cは自己の費用で参加することはできる,,,,,1. 根拠（条文・法理）結論：その通りです。利害関係人への事前の通知は義務ではありませんが、利害関係人は自費で分割手続に参加する権利を持っています。共有物の分割は、共有者間だけで自由に決められるのが原則ですが、その分割の結果によって不利益を被る可能性がある第三者（債権者や地上権者など）を保護するための制度が「分割への参加」です。根拠条文：民法260条1項（分割への参加）「共有物について権利を有する者及び共有者の債権者は、自己の費用で、分割に参加することができる。」法理のポイント：通知の要否： 共有者には、分割を始めるにあたって利害関係人に「今から分けますよ」と通知する法的義務はありません。参加の請求： 利害関係人が分割の内容を監視したい場合は、自分から「参加させてくれ」と請求する必要があります。対抗力の制限（260条2項）： もし参加の請求があったにもかかわらず、その人を無視して分割を強行した場合、その分割の結果をその人に対して主張（対抗）することができなくなります。2. 具体例とメカニズム現状： R、S、Tが共有する土地（甲）の上に、Cが借地権を設定して建物（乙）を建てている。Cの懸念： もしR・S・Tが勝手に土地を切り分け、自分の建物の下の土地が「話の通じない新しい所有者」のものになったり、建物の存続が危ぶまれるような分け方をされたら困る。アクション：CはR・S・Tに対し、「土地分割の話をする時は私を参加させてください」と請求します（自費）。これにより、Cは分割の協議の場に立ち会い、不当な分割が行われないよう意見を述べたり監視したりできます。結果： Cが請求したのにRたちが無視して勝手に分筆登記などをした場合、Cに対してはその分割は無効であるかのように振る舞うことができます。3. 過去問の急所（ここが狙われる！）行政書士試験では、**「通知義務の有無」と「無視した場合のペナルティ」**が入れ替えのポイントになります。項目内容共有者の通知義務なし。（利害関係人が自分で察知して請求する必要がある）参加の費用参加する者の負担（共有者に請求はできない）。参加請求後の無視分割を請求者に対抗できなくなる（260条2項）。ひっかけのパターン：「共有物の分割をする場合、共有者は、あらかじめその分割について利害関係を有する債権者に通知しなければならない」→ ×（誤り）「分割への参加を請求した者を参加させずに分割をした場合、その分割は当然に無効となる」→ ×（誤り）（※対抗できないだけで、共有者間では有効です）4. 周辺知識（異議を述べる権利）260条に関連して、分割が終わった後のルールもあります。分割後の異議（261条）：分割が完了した後に、参加請求をしていなかった利害関係人が「その分割は詐欺的だ！」と後から文句（取消し）を言うことは、原則としてできません。例外：ただし、共有者が利害関係人を害することを知って（害意をもって）分割を行った場合は、後からでも異議を述べることが可能です。暗記のポイント：「通知は不要、参加は自腹、無視したら対抗不可。」受験生へのアドバイスこの規定は、GitHubなどの「プルリクエスト（Pull Request）」に似ています。開発者（共有者）がコードを書き換える（分割する）際、外部のテスター（利害関係人）にわざわざ通知する義務はありませんが、テスターが「チェックさせろ」とリクエスト（参加請求）を送ったなら、それを無視してマージ（分割）すると、後でそのテスターに対してその変更の正当性を主張できなくなる、と考えるとロジックが繋がりやすいかもしれません。,,,,,Aが所有する丙土地（以下「丙」という。）を無権利者であるBがCに売却し、Cが所有権を取得したものと信じて丙の占有を開始した場合、Aから本権の訴えがないときは、Cは、丙を耕作することによって得た収穫物を取得することができる。,,
RがR、S、Tが共有する甲土地上に、乙建物を建てて所有、居住する場合で、RがS、Tに甲土地の分割請求をする場合、現物分割、賠償分割、それでも分割できない場合は競売分割により分割できる,,,,,1. 根拠（条文・法理）結論：その通りです。令和3年の民法改正により、裁判による分割方法として「価格賠償（賠償分割）」が明文化され、現物分割と同等の選択肢となりました。共有物の分割協議が整わない場合、裁判所に対して分割を請求できます。裁判所は、共有物の性質や共有者の意向を考慮して、最適な方法を選択します。根拠条文：民法258条2項（裁判による共有物の分割）裁判所は、次に掲げる方法により分割を命ずることができます。現物分割（共有物を物理的に切り分ける）賠償分割（共有者のひとりに取得させ、他の共有者に代金を支払わせる）最後の手段（同条3項）：上記の「現物分割」や「賠償分割」が不可能であるか、分割によって価値が著しく減少する恐れがあるときは、競売分割（競売にかけて現金を分ける）を命じることができます。2. 具体例とメカニズム現状： R、S、Tが共有する土地の上に、Rの家が建っている。現物分割の難しさ： 土地を3等分して境界線を引くと、Rの家がSやTの土地にまたがってしまい、将来的にトラブル（建物の収去問題など）が発生する可能性が高い。賠償分割の活用（現実的）：裁判所は「土地全体をRのものにする。その代わり、RはSとTに対し、それぞれの持分に見合う現金（賠償金）を払いなさい」という命令を出せます。競売分割（最終手段）：もしRにお金がなく（賠償不可）、かつ物理的な分割も無理な場合、土地を売却してその代金を3人で分けることになります。ただし、この場合Rは家を失う可能性が高くなります。3. 過去問の急所（ここが狙われる！）行政書士試験では、**「賠償分割の順位」と「競売分割の要件」**が狙われます。分割方法優先順位内容現物分割 / 賠償分割第1候補裁判所が事案に応じてどちらか、あるいは併用を選択する。競売分割第2候補（補充的）現物分割や賠償分割ができない場合のみ許される。ひっかけのパターン：「共有物の分割において、裁判所は、現物分割が可能な場合であっても、共有者の請求があれば直ちに競売による分割を命じることができる」→ ×（誤り）※競売はあくまで「現物・賠償」が無理な場合のラストリゾートです。4. 周辺知識（全面的価格賠償）改正前は判例理論でしたが、現在は条文で「全面的価格賠償」が認められています。全面的価格賠償：特定の共有者1人に全部を持たせ、残りの全員に金銭を払う方法です。共有者の1人がその物を強く必要としており（今回のように家が建っているなど）、かつ支払能力がある場合に非常に有効な手段です。持分譲渡との違い：これは「分割」の手続きなので、他の共有者の同意がなくても、裁判所の判決があれば強制的に持分を金銭に換えることができます。暗記のポイント：「現物か**お札（賠償）**が先、競売（オークション）は最後。家が建ってたらお札が現実的。」受験生へのアドバイスこの論点は、特に令和3年改正で「賠償分割」が条文にバッチリ記載された点が重要です。以前の知識のままだと「現物が原則で賠償は例外的」と考えがちですが、現在は裁判所がより柔軟に「賠償」を選択できるようになっています。エンジニア的に言えば、データの分割方法として「物理的なパーティショニング（現物）」が非効率なら、「特定のノードに集約して他へはポインタ/代価を渡す（賠償）」という最適化が標準実装された、というイメージです。,,,,,Aが所有する動産丁（以下「丁」という。）を保管することをBに寄託し、これに基づいてBが丁を占有していたところ、丁をCに盗取された場合、Bは、占有回収の訴えにより、Cに対して丁の返還を請求することができる。,,
R、S、Tが建物を共有している場合、Rが亡くなり相続人が存在しないときは、Rの持分は、S、Tに帰属する,,,,,1. 根拠（条文・法理）結論：原則として他の共有者に帰属しますが、その前に「特別縁故者」への分与が優先されます。共有者が相続人なしに死亡した場合、その持分がどうなるかについては、民法の条文と判例による優先順位のルールがあります。根拠条文：民法255条（持分の放棄及び共有者の死亡）「共有者の一人が、その持分を放棄したとき、又は死亡して相続人がないときは、その持分は、他の共有者に帰属する。」法理のポイント（最判平成元.11.24）：民法255条（共有者への帰属）と、民法958条の3（特別縁故者への分与）のどちらが優先するかという争いに対し、最高裁は**「特別縁故者への分与が優先する」**と判断しました。したがって、相続人がいないからといって直ちに他の共有者のものになるわけではありません。2. 具体例とメカニズム現状： R、S、Tが建物を共有。Rが孤独死し、戸籍を調べても相続人が一人もいないことが判明した。ステップ1：相続財産清算人の選任家庭裁判所により清算人が選ばれ、相続人を捜索する公告などが行われます。ステップ2：特別縁故者への分与（最優先）Rを長年介護していた人や、内縁の妻などの「特別縁故者」が名乗り出た場合、裁判所の判断により、持分がその人に分与されます。ステップ3：他の共有者への帰属（民法255条）特別縁故者がいない、あるいは分与してもなお持分が余った場合に初めて、SとTの持分比率に応じてRの持分が吸収されます。（参考）国庫への帰属：もしこれが共有ではなくRの「単独所有」だった場合は、最終的に国（国庫）のものになりますが、共有の場合は国よりも他の共有者が優先されます。3. 過去問の急所（ここが狙われる！）行政書士試験では、**「誰が一番強いか」**という順位の入れ替え問題が頻出です。順位帰属先内容第1位相続人遠い親戚であっても、相続人がいればその人が継承する。第2位特別縁故者相続人がいない場合、身の回りの世話をした人などが優先。第3位他の共有者特別縁故者もいない場合に初めて、255条により帰属。最下位国庫共有持分については、国には行かず共有者にいく（※単独所有なら国）。ひっかけのパターン：「共有者の一人が死亡して相続人がないときは、その持分は、民法255条により直ちに他の共有者に帰属し、特別縁故者への分与の対象とはならない」→ ×（誤り）4. 周辺知識（「持分放棄」との違い）同じ255条でも、**「持分の放棄」**の場合は話がシンプルです。持分放棄の場合：「私はこの持分をいりません」と放棄した場合は、相続ではないので特別縁故者の問題は発生しません。直ちに他の共有者に帰属します。登記の必要性：他の共有者に持分が移ったことを第三者に対抗するためには、持分移転の登記が必要になります。暗記のポイント：「死んだらまずは介護者（縁故者）、いなければ仲間（共有者）、国にはあげない共有持分。」受験生へのアドバイスこの論点は、**「民法255条（共有）」と「相続法」**の交差点です。法律のロジックとして、国（国庫）は「最後の最後、誰の受け皿もなくなった時に登場する」という性質を持っています。共有持分の場合は、すでにその不動産に関わっている「他の共有者」という強力な受け皿が近くにいるため、国よりも彼らを優先させて不動産の利用効率を高めよう、という立法趣旨があります。,,,,,Aが所有する動産戊（以下「戊」という。）を保管することをBに寄託し、これをBに引き渡した後、Aは戊をCに譲渡した場合、Aが、Bに対して以後Cの所有物として戊を占有するよう指示し、Cが、これを承諾したときは、戊についてAからCへの引渡しが認められる。,,
排水地役権を妨害された場合、地役権に基づく損害賠償請求および妨害予防請求が認められるが、占有権能を含まないことから、返還請求は認められない,,,,,1. 根拠（条文・法理）結論：その通りです。地役権には「自分だけに占有させろ」という占有権能がないため、物権的請求権のうち「返還請求権」は認められません。地役権は、自分の土地（要役地）の便益のために、他人の土地（承役地）を「利用」する権利です。しかし、その土地を排他的に支配（占有）する権利までは含まれていません。根拠法理：物権的請求権の範囲物権が侵害された場合、通常は「返還・妨害排除・妨害予防」の3つが認められます。しかし、地役権や抵当権のように、もともと**「占有」を目的としない権利**については、物を自分の手元に取り戻す「返還請求権」を認める論理的根拠がありません。損害賠償（民法709条）：地役権という物権が侵害され、それによって損害が生じたのであれば、不法行為の一般原則に基づき損害賠償を請求できます。妨害排除・予防請求：排水をせき止められたり（妨害）、せき止められそうな工作物が作られたり（予防）した場合には、地役権の円満な行使を取り戻すために認められます。2. 具体例とメカニズム現状： あなたの土地（要役地）の水を流すために、隣人の土地（承役地）に排水管を通す「排水地役権」を設定している。認められるケース：隣人が排水管の上に重い荷物を置いて管を潰した（妨害）。→ 「荷物をどけろ（妨害排除）」と言えますし、壊れた管の修理代も請求（損害賠償）できます。認められないケース：隣人の土地そのものを誰か別の不法占拠者が占拠している。→ あなたが「その土地を俺に引き渡せ（返還請求）」と言うことはできません。土地を返せと言えるのは、土地の所有者（隣人）だけです。あなたは「排水を邪魔するな」と言えるにとどまります。3. 過去問の急所（ここが狙われる！）行政書士試験では、**「物権的請求権のフルセットが認められる権利はどれか」**という切り口で狙われます。権利の種類返還請求妨害排除・予防理由所有権◯◯完全な支配権があるため。抵当権×◯占有を伴わない権利だから。地役権×◯占有を伴わない権利だから。占有権◯◯占有そのものを守る権利だから。ひっかけのパターン：「地役権者は、承役地を不法に占拠する第三者に対し、地役権に基づき、当該土地を自己に明け渡すよう請求することができる」→ ×（誤り）（理由：明け渡し＝返還請求はできません）4. 周辺知識（時効取得の要件）地役権に関連して、非常に重要な「時効取得」のルールもセットで押さえましょう。継続かつ表現（民法283条）：地役権を時効取得するには、単に利用しているだけでなく、**「継続的に行使され、かつ、外形上客観的に認識できる（表現）」**状態である必要があります。排水地役権の場合：自分で承役地に排水路を設置するなどして、誰が見ても「あそこは水路として使われているな」と分かる状態であれば、時効取得の対象となります。単に「雨が降った時だけ自然に水が流れている」状態では、表現とはみなされません。暗記のポイント：「抵当権と地役権は、場所（占有）を奪い取る権利じゃない。だから『返せ』とは言えない（返還請求不可）。」受験生へのアドバイス物権的請求権の問題を解くときは、まず「その権利者は、普段からその物を手元に置いておく（占有する）権利があるか？」をチェックしてください。エンジニア的に言えば、地役権は土地に対する「Read/Write権限（利用権）」は持っていますが、「Ownership（所有権）」や「Exclusive Lock（占有権）」は持っていない、と権限レイヤーを分けて整理すると、返還請求ができない理由がロジカルに納得できるはずです。,,,,,※取得時効を主張する者は、無過失を立証する必要がある。,,
眺望を害されない地役権を設定し登記を備えた後に、建物の築造により眺望を害された場合、地役権に基づき建物の収去を求めることができる,,,,,1. 根拠（条文・法理）結論：その通りです。登記を備えた眺望地役権であれば、それを侵害する建物の収去（取り壊し）を求めることができます。地役権は「物権」であるため、自分の権利が侵害された場合には、その侵害を止めるよう求める「物権的請求権」が行使できます。根拠法理：物権的妨害排除請求権地役権者が権利を行使するのを邪魔されている（眺望が遮られている）状態にあるとき、その原因となっている工作物（建物）を取り除け、と主張する権利です。不作為地役権の性質：眺望地役権は、隣人が「建物を建てない」「一定以上の高さのものを建てない」という義務を負う不作為地役権の一種です。この義務に違反して建物が建てられた場合、それは地役権の侵害そのものとなります。対抗要件（民法177条）：登記を備えていれば、承役地の新所有者などの第三者に対しても、建物の収去を堂々と主張できます。2. 具体例とメカニズム現状： あなたの土地（要役地）から海が見える状態を保つため、隣の土地（承役地）に「高さ3メートル以上の建物を建てない」という地役権を設定し、登記も済ませた。侵害の発生：その後、隣人が（あるいは土地を買った別の人が）高さ10メートルのビルを建て、海が全く見えなくなった。アクション：あなたは地役権に基づき、裁判所に対して「10メートルの建物を収去（または3メートル以下に減築）せよ」という訴えを起こせます。登記があるため、相手が「そんな権利があるとは知らなかった」と言い訳しても通りません。結果：地役権は土地を直接的に支配する強力な権利なので、完成してしまった建物であっても、権利を侵害している以上は取り壊しを求めることが可能です。3. 過去問の急所（ここが狙われる！）行政書士試験では、前回のやり取りにあった**「返還請求権」との対比**が最も重要です。請求の種類眺望地役権で認められるか理由妨害排除請求（収去請求）◯（認められる）邪魔なもの（建物）を取り除く請求だから。返還請求（明け渡し請求）×（認められない）土地そのものを自分に渡せという請求はできないから。ひっかけのパターン：「眺望地役権を有する者は、承役地の上に建物を築造して眺望を妨害している者に対し、地役権に基づき、当該建物の収去を求めることはできるが、土地の明け渡しを求めることはできない」→ ◯（正しい記述）4. 周辺知識（時効取得のハードル）眺望地役権を「登記なし（時効）」で手に入れようとする場合は、非常に厳しい条件があります。「継続かつ表現」の要件（民法283条）：単に「景色がいいな」と思って眺めているだけでは時効は進行しません。判例の考え（最判昭和33年10月14日）：要役地側に、景色を眺めるための窓やベランダなどの工作物を設置し、かつ隣人に対して「建物を建てるな」と要求しているなど、客観的に地役権を行使していることが外から見える状態が必要です。暗記のポイント：「地役権は土地を返せ（返還）とは言えないが、邪魔な家を壊せ（収去）とは言える。」受験生へのアドバイス物権的請求権は、エンジニア的に言えば「エラーハンドリング」です。「返還請求」は、オブジェクト（土地）そのものが盗まれたときのリカバー。「妨害排除」は、オブジェクトに不正な属性（建物）が付与されて、正常なメソッド（眺望）が実行できないときのリカバーです。地役権は「メモリを一部借りている（利用権）」だけなので、メモリアドレス（土地）ごと奪い返す権限はないけれど、書き込まれた不正なデータ（建物）をデリートする権限はある、とイメージすると、収去請求ができる理由が明確になります。,,甲土地を所有するAとその隣地の乙土地を所有するBとの間の相隣関係に関する記述のうち、民法の規定に照らし、正しいものはどれか。なお、次の各場合において、別段の慣習は存在しないものとする。,,,Aは、境界線から1メートル未満の距離において乙土地を見通すことができる窓または縁側（ベランダも含む）を設けることができるが、その場合には、目隠しを付さなければならない。（ｒ）,,
囲繞地通行権は地上権者にも準用される,,,,,1. 根拠（条文・法理）結論：その通りです。囲繞地通行権（民法210条）は、地上権者や土地の賃借人など、土地を使用する権利を持つ者にも認められます。この権利は「土地の所有権」だけに付随するものではなく、道路に通じない土地（袋地）を有効に利用するための「土地の利用権」に認められるものだからです。根拠法理：類推適用・解釈民法210条は「土地の所有者」と規定していますが、土地を排他的に使用する権利を持つ地上権者、永小作権者、さらには賃借権者についても、この規定が類推適用（または準用）されます。法理のポイント：袋地（ふくろじ）を放置することは社会経済的に損失であるため、誰がその土地を使っているかにかかわらず、公道に出るための最低限の通行権を認めています。2. 具体例とメカニズム現状： AがBの所有する袋地（甲土地）に「地上権」を設定して建物を建てたが、甲土地は他人の土地（乙土地）に囲まれて公道に出られない。通行権の発動：地上権者Aは、甲土地のオーナーではありませんが、隣人Cの土地（乙土地）を通行する権利を主張できます。ルートと方法：通行の場所と方法は、通行権を持つ者のために必要であり、かつ、隣地（承役地）のために損害が最も少ないものを選ばなければなりません（211条1項）。償金の支払い：原則として、通行する土地の損害に対して「償金（通行料）」を支払う義務があります（212条）。3. 過去問の急所（ここが狙われる！）行政書士試験では、**「権利者の範囲」と「無償になるケース」**のひっかけが頻出です。項目内容備考通行権を主張できる人所有者、地上権者、賃借人など「所有者に限られる」は×。償金の要否（原則）有償（212条）毎年、または一括で支払う。償金の要否（例外）無償（213条）分割や一部譲渡で袋地が生じた場合。ひっかけのパターン：「土地の賃借人は、その土地が袋地であっても、賃貸人（所有者）に対してのみ通行の確保を求めることができ、隣地の所有者に対して囲繞地通行権を主張することはできない」→ ×（誤り）（理由：賃借人も隣地に対して通行権を主張できます）4. 周辺知識（無償通行権のルール）非常に重要な「無償（タダ）」で通れるケースについても整理しましょう。分割によって生じた場合（213条1項）：一つの土地をAとBで分けた（分割した）結果、一方が袋地になった場合、その袋地の所有者は、分割した相手方の土地だけを無償で通ることができます。一部譲渡の場合（213条2項）：土地の一部を売った結果、売った側（または買った側）が袋地になった場合も同様に、相手方の土地を無償で通れます。暗記のポイント：「自然に袋地なら有料、分割して袋地なら無料。そして**使う人（地上権者等）**なら誰でもOK。」受験生へのアドバイス相隣関係の規定は、一見すると「所有者」同士のルールに見えますが、その実体は「不動産の物理的な不便を解消するためのロジック」です。エンジニア的な視点で見れば、袋地は「ネットワークに接続されていない孤立したノード」です。このノードが機能するためには、隣接するゲートウェイ（隣地）を通る「ルーティング（通行権）」が必須となります。このルーティング権限は、そのノードを操作する「ユーザー（地上権者・賃借人）」にも当然与えられるべき権限（Permission）である、と考えると理解がスムーズになります。,,,,,甲土地に所在するAの竹木の枝が境界線を越えて乙土地に侵入した場合に、Bは、Aに枝を切除するよう催告することなく、ただちに自らその枝を切除することができる。,,
抵当権設定時に土地の所有者と建物の所有者が異なる場合、法定地上権は成立しない,,,,,1. 根拠（条文・法理）結論：その通りです。抵当権の設定「当時」に土地と建物の所有者が異なっていた場合、法定地上権は成立しません。法定地上権は、本来「別々の不動産」として扱われる土地と建物が、競売の結果として別々の所有者に帰属することになった際、建物の取り壊しを防ぐために法律が強制的に発生させる権利です。根拠条文：民法388条「土地及びその上に存する建物が同一の所有者に属する場合において、その土地又は建物につき抵当権が設定され……競売の結果、それぞれ所有者を異にするに至ったときは、……地上権が設定されたものとみなす。」法理のポイント（成立の4要件）：抵当権設定「当時」、土地の上に建物が存在すること。抵当権設定「当時」、土地と建物が同一の所有者に属すること。土地または建物の少なくとも一方に抵当権が設定されたこと。競売の結果、所有者が別々になったこと。2. 具体例とメカニズム現状： Aが所有する土地（甲）の上に、Bが所有する建物（乙）が建っている。Aは銀行から融資を受けるため、甲土地に抵当権を設定した。競売の発生： Aが返済できなくなり、甲土地が競売にかけられ、Cが落札した。結果：この場合、抵当権設定時に土地（A）と建物（B）の所有者が別人であったため、法定地上権は成立しません。新しい土地オーナーCは、建物オーナーBに対し、**「建物の収去（取り壊し）と土地の明け渡し」**を請求できます。理由：抵当権者（銀行）は「更地（さらち）」としての価値を評価して融資しているからです。勝手に地上権が発生して土地の価値が下がる（建物が居座る）ことを、銀行は想定していません。3. 過去問の急所（ここが狙われる！）行政書士試験では、**「どの時点」**で同一所有者であるべきかが最も狙われます。状況法定地上権の成否解説設定時に別人だったが、競売時に同一になった不成立設定時を基準にするため（最判昭44.2.14）。設定時に同一だったが、競売時に別人になった成立設定時に同一であれば、その後売却されてもOK。更地に抵当権を設定後、建物を建てた不成立設定時に建物が存在しなかったため。ひっかけのパターン：「土地およびその上の建物の所有者が異なるときに、土地に抵当権が設定された場合であっても、競売が実施されるまでに土地と建物の所有者が同一人になれば、法定地上権が成立する」→ ×（誤り）4. 周辺知識（共有の場合）土地や建物が「共有」になっているケースは、複雑ですが記述式でも狙われやすい論点です。土地が共有の場合：共有者のひとりAが、自分の土地持分に抵当権を設定したケース。この場合、法定地上権は成立しません（他の共有者の利益を害するため）。建物が共有の場合：土地所有者Aが、自分とBで共有している建物（土地の上に存在）のために土地に抵当権を設定したケース。この場合、法定地上権は成立します（Aは自分の意思で土地の利用を認めているため）。暗記のポイント：「設定当時の身分証明書をチェック！ **土地と建物が同じ顔（所有者）**なら、将来離れ離れになっても国（法律）が助けてくれる。」受験生へのアドバイス法定地上権のルールは、一見すると「建物を守るための温情」に見えますが、その実体は**「抵当権者が融資の際、土地の価値をどう評価したか」**という期待を保護するロジックです。エンジニア的に言えば、抵当権設定という「インスタンス生成時」のプロパティ（所有者フラグ）がどうなっていたかによって、後の競売メソッドの戻り値（地上権の成否）が決まる、という固定的な条件分岐として捉えるとミスが減ります。,,,,,甲土地に所在するAの竹木の根が境界線を越えて乙土地に侵入した場合に、Bは、その根を切除することはできず、Aにその根を切除させなければならない。,,
Cが地上権設定行為に基づき建物を築造し、期間の満了により地上権が消滅した場合で、土地所有者のAが当該建物を買い取る旨を通知した場合、Cは拒むことができない,,,,,1. 根拠（条文・法理）結論：その通りです。土地所有者（設定者）が時価で買い取る旨を申し出た場合、地上権者は正当な理由がない限り、これを拒むことができません。地上権が消滅した際、基本的には「更地にして返す（収去）」のが原則ですが、まだ使える建物を壊すのは社会経済的に損失であるため、民法は土地所有者に買い取りのチャンスを与えています。根拠条文：民法269条2項（工作物等の収去等）「前項の場合（地上権消滅による収去）において、土地の所有者が時価で……買い取るべき旨を申し出たときは、地上権者は、正当な理由がなければ、これを拒むことができない。」法理のポイント：収去権（1項）： 原則として、地上権者は建物を持ち帰る（壊す）権利と義務があります。買取権（2項）： これに対し、土地所有者が「時価で買う」と意思表示をすると、一種の形成権的な効果が生じ、地上権者の収去権を制限します。2. 具体例とメカニズム現状： A所有の土地にCが30年の地上権を設定し、オフィスビルを建てた。期間が満了した。通常パターン： Cがビルを解体し、更地にしてAに返す。Aが買い取りたい場合：AがCに対し、「そのビルを時価（現在の価値）で買い取ります」と通知する。Cが「思い出があるから壊したい」と言っても、それが**「正当な理由」**にあたらなければ、強制的に売買が成立したのと同じ状態になります。対価： 「時価」でなければなりません。Aが不当に安い価格を提示しても、この効力は認められません。3. 過去問の急所（ここが狙われる！）行政書士試験では、「民法上の地上権」と「借地借家法上の借地権」のルールの逆転が最大のひっかけポイントです。項目民法（地上権）269条借地借家法（借地権）13条誰が請求するか**土地所有者（A）**が「売れ」と言う**借地権者（C）**が「買え」と言う相手方の拒絶正当な理由があれば拒める拒めない（強制的に売買成立）趣旨社会経済的な損失の防止借地権者の投下資本の回収ひっかけのパターン：「地上権が消滅した場合、地上権者は土地所有者に対し、時価で工作物を買い取るべき旨を請求することができ、土地所有者はこれを拒むことができない」→ ×（誤り）※これは借地借家法のルールです。民法では「土地所有者から」のアクションが規定されています。4. 周辺知識（正当な理由とは？）地上権者が拒絶できる「正当な理由」には、以下のようなケースが想定されます。再利用の計画： その建物を解体して、別の場所で部材を再利用する具体的な計画がある場合。感情的な対立： 土地所有者が不当に低い価格しか提示せず、誠実な協議が行われない場合。暗記のポイント：「民法はオーナー（土地所有者）に優しく、借地借家法は借り手（借地権者）に優しい。」受験生へのアドバイスこの269条は、行政書士試験では「借地借家法」との比較で本当によく狙われます。エンジニア的な視点で見れば、民法269条は**「土地オーナー側のオプション（購入権）」であり、借地借家法13条は「借り手側のエグジット戦略（買取請求権）」**です。どちらのAPIが叩かれているのか、主語をしっかり確認するデバッグ作業が正解への近道です。,,,,,AおよびBが甲土地および乙土地を所有する前から甲土地と乙土地の境界に設けられていた障壁は、AとBの共有に属するものと推定されるが、その保存の費用は、A・B間に別段の約定がない限り、AとBが、甲土地と乙土地の面積の割合に応じて負担する。,,
留置権者は善管注意義務を負い、善管注意義務は自己の財産に対するのと同一の注意よりも重い,,,,,1. 根拠（条文・法理）結論：その通りです。留置権者は、善良な管理者の注意（善管注意義務）をもって、留置物を占有しなければなりません。民法における「注意義務」には2つのレベルがありますが、留置権者はより重い方の義務を課されています。根拠条文：民法298条1項「留置権者は、善良な管理者の注意をもって、留置物を占有しなければならない。」法理のポイント（注意義務の重さ）：善管注意義務（重）： その人の職業や社会的地位に応じて一般的に期待される客観的な注意義務。他人の物を預かっている以上、自分の物以上に慎重に扱えという基準です。自己の財産に対するのと同一の注意（軽）： その人個人の、普段の性格通りの主観的な注意義務。「自分はもともと大雑把な性格だから、壊しても仕方ない」という言い訳が（限定的な場面で）通用する基準です。2. 具体例とメカニズム現状： 時計修理店が、修理代金の支払いを受けるまで、客の高級時計を留置している。注意義務の適用：修理店主が、自分の時計であれば「机の上に置きっぱなしにする」性格だったとしても、預かっている（留置している）客の時計については、専用のケースに入れて金庫に保管するような、専門業者として当然の注意を払う必要があります。義務違反の結果：もし義務を怠って時計を傷つけた場合、債務者（客）は留置権の消滅請求をすることができます（298条3項）。これにより、代金を払う前であっても時計を返さなければならなくなる可能性があります。3. 過去問の急所（ここが狙われる！）行政書士試験では、**「どの権利がどちらの注意義務か」**を入れ替えて問う問題が頻出です。権利・役割注意義務のレベル理由留置権者善管注意義務法律上、当然に他人の物を占有するため。質権者善管注意義務契約によって他人の物を預かるため。無報酬の受寄者自己の財産と同一タダで預かってあげているだけだから（659条）。有報酬の受寄者善管注意義務お金をもらって預かるプロだから。ひっかけのパターン：「留置権者は、特段の合意がない限り、自己の財産に対するのと同一の注意をもって、留置物を占有すれば足りる」→ ×（誤り）4. 周辺知識（義務違反による消滅請求）留置権者が守るべきルールは、注意義務だけではありません。使用・賃貸・担保提供の禁止（298条2項）：債務者の承諾を得なければ、留置物を使ったり、他人に貸したりしてはいけません。例外： その物の「保存に必要な範囲」での使用（例：傷まないように定期的に動かすなど）は、承諾なしでも可能です。違反の効果（298条3項）：注意義務に違反したり、勝手に使用したりした場合、債務者の「消滅請求」という意思表示のみによって、留置権は消滅します。暗記のポイント：「他人の物はプロの意識で（善管注意）、タダで預かるなら自分の感覚で（自己同一）。」受験生へのアドバイス注意義務の論点は、民法全体（総則、物権、債権）に散らばっています。特に「無報酬の寄託」だけが例外的に「自己の財産と同一の注意」に緩和されるという点を軸にしておくと、それ以外（留置権、質権、有償寄託、事務管理など）は基本的に「善管注意義務」であると、シンプルにロジックを組むことができます。,,,,,甲土地内のAの建物の屋根から雨水が直接に乙土地に注がれる場合に、Bは、その雨水が注がれることを受忍しなければならない。,,
留置権者が債務者の承諾を得ずに留置物を使用、賃貸、担保に供した場合、債務者は留置権の消滅を請求できる,,,,,1. 根拠（条文・法理）結論：その通りです。留置権者が承諾なく留置物を使用等したときは、債務者の「消滅請求」という意思表示によって、留置権を消滅させることができます。留置権は、債権の弁済を促すために「物を留め置く」権利であり、その物を利用して利益を得る権利ではありません。そのため、目的物の保管については厳しい制限が課されています。根拠条文：民法298条2項・3項2項（禁止事項）：「留置権者は、債務者の承諾を得なければ、留置物を使用し、賃貸し、又は担保に供することができない。ただし、その物の保存に必要な使用については、この限りでない。」3項（消滅請求）：「留置権者が前二項（善管注意義務・使用等の禁止）の規定に違反したときは、債務者は、留置権の消滅を請求することができる。」法理のポイント：義務違反があったからといって「当然に（自動的に）」消滅するわけではありません。債務者が「義務違反を理由に、留置権を消滅させる」という意思表示をすることで初めて、権利が消滅します（形成権的性質）。2. 具体例とメカニズム現状： カークリーニング業者が、代金が支払われるまで客のスポーツカーを留置している。義務違反のケース：業者がその車を使ってドライブを楽しんだり、知人にレンタル料を取って貸し出したりした場合。保存に必要な使用（適法なケース）：長期間の保管によりバッテリーが上がらないよう、あるいはエンジンが焼き付かないよう、定期的にエンジンをかけたり、敷地内をわずかに移動させたりする場合。これは「保存に必要な範囲」として、承諾なしで行えます。消滅請求のアクション：客は「勝手にドライブしたな。298条違反なので、留置権の消滅を請求する。今すぐ車を返せ」と主張できます。この場合、代金はまだ払っていなくても、車を取り戻すことが可能になります（代金債務自体は残ります）。3. 過去問の急所（ここが狙われる！）行政書士試験では、**「保存に必要な範囲」の例外と、「消滅請求の要否」**が頻出です。項目内容注意点原則使用・賃貸・担保提供は禁止。債務者の承諾があればOK。例外保存に必要な使用は無承諾でOK。建物の不法占拠者が居住するのは保存範囲外。消滅のタイミング**消滅請求（意思表示）**をした時。「当然に消滅する」という肢は×。善管注意義務違反これも消滅請求の対象。298条1項違反も同様に消滅請求できる。ひっかけのパターン：「留置権者が債務者の承諾を得ることなく留置物を使用した場合、留置権は当然に消滅する」→ ×（誤り）（理由：債務者からの請求が必要です）4. 周辺知識（果実収取権との関係）使用は禁止されていますが、その物から生じる「果実」については別のルールがあります。果実収取権（297条）：留置権者は、留置物から生じる果実（例：留置している牛が産んだ子牛、留置している建物の賃料など）を収取し、他の債権者に先立って自分の債権の弁済に充てることができます。利息への充当：収取した果実金は、まず「利息」に充て、余りがあれば「元本」に充当します。暗記のポイント：「勝手に使うのはダメ（消滅請求の対象）、でも保存のためならOK。**実（果実）**がなったら自分の取り分（弁済）にしてOK。」受験生へのアドバイス留置権の義務違反に関する論点は、エンジニア的な視点で見れば「例外処理（Exception）」と「イベントハンドラ（Event Handler）」の関係に似ています。「承諾なしの使用」という禁則事項（Exception）が発生した際、システムが自動的にシャットダウン（当然消滅）するのではなく、ユーザー（債務者）が「消滅請求ボタン」を押すことで初めてプロセスが終了する、という設計になっています。ただし、「保存に必要な使用」という特定の条件フラグが立っている場合は、禁則事項のチェックをパスする（適法になる）という構造を理解しておきましょう。,,,,,※雨水が自然に注がれる場合は、受忍しなければならない。,,
賃貸借契約の解除後の賃借人は有益費償還請求を被担保物件として建物を留置することはできない,,,,,1. 根拠（条文・法理）結論：その通りです。賃料不払い等による解除「後」の占有は不法占有となるため、留置権を主張することはできません。留置権が成立するためには、占有が「不法行為によって始まったものではないこと」という重要な要件があります。根拠条文：民法295条2項（留置権の不法行為による開始の禁止）「前項の規定（留置権の成立）は、占有が不法行為によって始まった場合には、適用しない。」法理のポイント（最判昭35.9.16）：賃料不払いで賃貸借契約が適法に解除された後、本来なら明け渡すべきなのに居座り続けることは「不法占有」にあたります。その不法占有の期間中に発生した費用（有益費など）はもちろん、解除前に発生していた費用であっても、解除後に留置権を主張して居座り続けることは信義則に反するとして認められません。2. 具体例とメカニズム現状： AがBにアパートを貸していたが、Bが半年も家賃を滞納したため、Aは契約を解除した。Bの主張： 「出ていくのはいいが、先月トイレを最新式にリフォームしてアパートの価値を高めた（有益費）。この代金を払ってくれるまで、留置権を行使してここを動かないぞ！」裁判所の判断：契約解除によって、Bには建物を返還する義務が生じている。それを無視して占有を続けるのは「不法占有」の状態である。このような者に、強力な権利である留置権を認める必要はない。結果： Bは留置権を主張できず、直ちに明け渡さなければなりません（有益費の「請求」自体はできますが、それを理由に「居座る」ことはできません）。3. 過去問の急所（ここが狙われる！）行政書士試験では、**「不法行為による占有（295条2項）」**が適用される具体的なケースを問われます。占有の種類留置権の成否理由適法な占有中成立する契約期間中に修繕し、期間満了時に請求する場合など。解除後の占有成立しない占有そのものが不法行為（不法占有）となるため。他人の物を盗んだ成立しない占有の開始自体が不法行為（窃盗）だから。ひっかけのパターン：「賃借人が、賃貸借契約の解除後に、建物の保存に必要な修繕費（必要費）を支出した場合、その償還を受けるまで建物を留置することができる」→ ×（誤り）（理由：必要費であっても、不法占有下での支出や主張は認められません）4. 周辺知識（同時履行の抗弁権との違い）留置権が否定されても、別の権利が登場する場合があります。同時履行の抗弁権（533条）：契約が有効な間は、「代金を払うまで、物を渡さない」という同時履行の抗弁権が使えます。しかし、留置権が「誰に対しても（第三者にも）」主張できる強い権利であるのに対し、同時履行の抗弁権は「契約の相手方だけ」に言える権利です。建物の買取請求権：借地借家法上の「建物買取請求権」を行使した場合、代金の支払いと建物の明け渡しは同時履行の関係に立ちますが、これも解除後の不法占有者には認められないのが原則です。暗記のポイント：「**ルール違反（解除）**したやつに、**居座る権利（留置権）**は与えない。」受験生へのアドバイスこの「解除後の留置権否定」は、民法が大切にしている「誠実さ（信義則）」のあらわれです。エンジニア的な視点で見れば、占有というプロセスに「Invalid（不法）」というフラグが立った瞬間、留置権（Lien）というメソッドの実行権限が剥奪（Permission Denied）される、というセキュリティ設計のようなものです。,,,,,,,
留置権が成立した後、債権者は債務者から留置物を譲り受けた者に対し、留置権を行使することができる,,,,,1. 根拠（条文・法理）結論：その通りです。留置権は「物権」であるため、債務者だけでなく、譲受人（新しいオーナー）などの第三者に対しても主張することができます。留置権の最も強力な特徴の一つは、この「対世的効力（誰に対しても主張できる力）」にあります。根拠法理：物権としての性質（対世効）留置権は、特定の相手方に対してのみ主張できる「債権（例：同時履行の抗弁権）」とは異なり、その物を直接支配する「物権」です。そのため、物の所有者が誰に変わろうとも、債権の弁済を受けるまでは「返さない」と言い張ることができます。登記の要否：留置権は「占有（持っていること）」そのものが公示の役割を果たしているため、抵当権のように登記を備える必要はありません。 占有を継続している限り、新しい所有者に対抗できます。2. 具体例とメカニズム現状： 時計修理店Aが、Bから預かった高級時計の修理を完了したが、修理代金が未払いのため時計を留置している。所有権の移転： 留置中に、Bがその時計を第三者Cに売却し、所有権がCに移った。Aの権利行使： CがAに対し「所有者は私になった。私の物を返せ」と請求してきた。結果： AはCに対し、「Bからの修理代金が支払われるまで、誰が所有者であろうと返すことはできない」と拒絶できます。3. 過去問の急所（ここが狙われる！）行政書士試験では、「同時履行の抗弁権」との比較が頻出のひっかけポイントです。比較項目留置権（物権）同時履行の抗弁権（債権）主張できる相手第三者にも主張できる契約の相手方のみ（第三者不可）登記の有無不要（占有が要件）不要成立要件債権と物の関連性が必要双務契約から生じる債権ひっかけのパターン：「留置権者は、留置物の所有権が第三者に移転した場合には、当該第三者の承諾を得ない限り、留置権をこれに対抗することができない」→ ×（誤り）（理由：物権なので承諾なしに対抗できます）4. 周辺知識（占有の喪失と消滅）第三者に対抗し続けるためには、絶対に守らなければならない条件があります。占有の継続（民法302条）：留置権は、占有を失うと原則として消滅します。例えば、新しいオーナーCに「ちょっと見せてほしい」と言われてうっかり渡してしまった場合、占有を失い、留置権も消滅してしまいます。占有回収の訴え（民法200条）：もし強引に奪われた場合は、「占有回収の訴え」によって占有を取り戻せば、留置権も初めから消滅しなかったことになります。暗記のポイント：「同時履行は契約相手だけ、留置権は世界中の誰に対しても『嫌だ』と言える。」受験生へのアドバイス物権と債権の最大の違いは、この「誰に対して言えるか」というスコープの広さです。エンジニア的な視点で見れば、同時履行の抗弁権は「特定のインスタンス（契約関係）内でのみ有効なローカル変数」であり、留置権は「オブジェクト（物）そのものに付与されたグローバルなパーミッション（権限）」のようなものです。所有者というユーザーが入れ替わっても、オブジェクト側に設定された「留置中」というフラグは消えない、とイメージすると構造的に理解しやすくなります。,,問題文 A、BおよびCが甲土地を共有し、甲土地上には乙建物が存在している。この場合に関する次のア〜オの記述のうち、民法の規定および判例に照らし、正しいものの組合せはどれか。,,,DがA、BおよびCに無断で甲土地上に乙建物を建てて甲土地を占有使用している場合、Aは、Dに対し、単独で建物の収去および土地の明渡しならびに土地の占拠により生じた損害全額の賠償を求めることができる。（ｒ）,,
Aが建物をCに売却して引渡しを完了し、Bにも売却し登記を備えた場合、CはAに対する履行不能を理由とする損害賠償請求権を被担保債権として建物を留置することはできない。この場合、引渡し請求権者はBで、被担保債権の債務者がAとなり、請求権者と債務者が異なるため留置権は成立しない,,,,,1. 根拠（条文・法理）結論：その通りです。二重譲渡における第一譲受人の損害賠償請求権には、その物件に対する「牽連性（けんれんせい）」が認められないため、留置権を行使することはできません。留置権が成立するためには、債権がその物に関して生じたものであること（牽連性）が必要です。しかし、二重譲渡のケースでは判例によりこの牽連性が否定されています。根拠判例：最判昭43.6.16（大法廷判決）「不動産の二重譲渡において、第一の譲受人が取得する『債務不履行に基づく損害賠償請求権』は、売買契約という**『人』の関係から生じたものであり、不動産という『物』そのものから生じたものではない**」と判断されました。法理のポイント：もしここで留置権を認めてしまうと、正当に登記を備えた第二譲受人（B）が、自分とは無関係なA・C間の契約トラブルのツケを払わされることになり、登記制度（取引の安全）を著しく害するため、牽連性が厳格に解釈されています。2. 具体例とメカニズム現状： Aが土地をCに売って引き渡したが、その後AがBにも同じ土地を売って、Bが先に登記を済ませた。登場人物の相関：B（勝者）： 登記があるので、法律上の所有者。Cに「出ていけ」と言える。C（敗者）： 登記がないので所有権を失う。代わりに、売主Aに対して「渡せなくなった損害（履行不能の損害賠償）」を請求できる。Cの留置権主張：Cは「Aから損害賠償をもらうまで、この土地は返さない（留置権！）」とBに対抗しようとします。結果：裁判所はこれを認めません。Cの損害賠償請求権は「Aの裏切り（債務不履行）」に対して発生したものであり、土地そのものの性質や修繕から生じたものではないからです。3. 過去問の急所（ここが狙われる！）行政書士試験では、**「なぜ留置権が認められないのか」**という理由の部分が、他の費用償還請求権と対比して狙われます。債権の種類牽連性の有無留置権の成否有益費・必要費償還請求権あり成立する二重譲渡の損害賠償請求権なし成立しない建物買取請求権（借地）あり成立するひっかけのパターン：「二重譲渡の第一譲受人は、売主に対する損害賠償請求権を担保するため、登記を備えた第二譲受人に対して当該物件を留置することができる」→ ×（誤り）4. 周辺知識（牽連性の例外的な考え方）「物に関して生じた債権」という言葉の解釈を整理しましょう。認められる例（物→債権）：その物からもらった傷の治療費（動物に噛まれた等）。その物に費やした修理代（必要費・有益費）。認められない例（契約→債権）：今回のような債務不履行による損害賠償。「あっちの契約とこっちの債権をバーターにしよう」というだけの人的な約束。暗記のポイント：「二重譲渡の裏切り（不履行）は、物のせいじゃないから留置できない。」受験生へのアドバイスこの論点は、民法177条の対抗要件（登記）と留置権の牽連性が交差する非常に美しい問題です。エンジニア的に整理すれば、留置権は「オブジェクトの内部プロパティ（修繕履歴など）」から派生するものであれば有効ですが、「オブジェクトを扱うポインタ（契約関係）の操作ミス」から派生するエラーには適用されない、とイメージすると、判例がなぜ牽連性を否定したのかがロジカルに理解できるはずです。,,,,,Eが、A、BおよびCが共有する乙建物をAの承諾のもとに賃借して居住し、甲土地を占有使用する場合、BおよびCは、Eに対し当然には乙建物の明渡しを請求することはできない。,,
CはBに建物を売り、Bは登記を備えたが、Cに代金を支払わないままAに建物を転売し、所有権移転登記まで備えた。CはAから建物の引渡しを求められてもBに対する代金債権を保全するために留置権を行使することができる,,,,,1. 根拠（条文・法理）結論：CはAに対し、売買代金債権を被担保債権として建物を留置することはできません。直ちに明け渡す必要があります。売買代金債権は、あくまで「CとBの間の契約（人との関係）」から生じたものであり、建物という「物」自体から生じた（物に付着した）負担ではないと解釈されます。根拠法理：代金債権の牽連性の否定もし代金未払いで留置権を認めてしまうと、登記を信じて購入した第三者Aが、自分とは無関係なBの債務不履行によって不測の損害を被ることになり、不動産取引の安全（登記制度）が破壊されてしまうためです。同時履行の抗弁権との区別：Cは直接の契約相手であるBに対しては「金を払うまで渡さない」という**同時履行の抗弁権（533条）**を主張できます。しかし、これは「債権」に基づく権利なので、契約当事者ではないAには主張できません。2. 具体例とメカニズム現状： C（元売主）→ B（中間購入者・代金未払い）→ A（現在の所有者・登記あり）。登場人物の相関：引渡し請求権者：A（Bから有効に買い受け、登記を備えた現在の所有者）被担保債権の債務者：B（Cに対して代金を払う義務がある人）不成立の理由（あなたのロジックの適用）：今回も、「金を払うべき債務者（B）」と「建物を返せと言っている人（A）」が別人です。CがBに対して持っている「代金よこせ」という個人的な請求権を理由に、全く無関係な所有者Aの権利を止める（留置する）ことは、公平の観点から認められません。3. 過去問の急所（ここが狙われる！）行政書士試験では、**「費用償還請求権（リフォーム代など）」と「売買代金債権」**を入れ替えて、留置権の成否を問うのが鉄板です。債権の種類牽連性の有無第三者Aへの留置権理由有益費（修理代）あり◯ 成立する物の価値を高めた費用だから。売買代金なし× 成立しない契約上のトラブルに過ぎないから。ひっかけのパターン：「建物の売主Cは、買主Bから代金の支払いを受けていない場合、Bから当該建物を買い受けて所有権移転登記を備えたAに対し、代金債権を被担保債権として留置権を主張できる」→ ×（誤り）4. 周辺知識（同時履行の抗弁権の限界）この問題は、Cが**同時履行の抗弁権（533条）と留置権（295条）**を混同していることを突いています。533条（同時履行）： Bには言えるが、Aには言えない（債権だから）。295条（留置権）： 認められればAにも言えるが、代金債権にはそもそも認められない。結果として、CはAに対して何も対抗する手段がなく、建物を渡さざるを得ません（Bに文句を言うしかありません）。暗記のポイント：「修理代は建物に付いた傷跡（物権的）、代金未払いは人の裏切り（債権的）。裏切りは第三者（A）には関係ない。」受験生へのアドバイス「債務者（B）と請求者（A）が別人である」というあなたのフィルターは、ここでも完璧に機能していますね。エンジニア的な視点で見れば、Bの未決済という「トランザクションエラー」は、Bという特定の「セッション」内でのみ解決されるべきものであり、すでにコミットされてAに渡った「データベース（建物）」の整合性（所有権）を、後からロールバック（留置）させることはできない、という整合性のルールと考えると納得しやすいかもしれません。,,,,,Fが賃借権に基づいて甲土地上に乙建物を建てた場合において、A、BおよびCが甲土地の分割協議を行おうとするときは、Fに対して分割協議を行う旨を通知しなければならず、通知をしないときは、A、BおよびCの間でなされた分割の合意は、Fに対抗することができない。,,
Bが建物をCに売却し引渡しまでしたが、BはAに二重譲渡し登記まで備えた場合、CはAからの建物引渡し請求に対し、Bに対する損害賠償請求を保全するため留置権を行使できない,,,,,1. 根拠（条文・法理）結論：第一譲受人Cは、売主Bに対する損害賠償請求権を被担保債権として、登記を備えた第二譲受人Aに留置権を主張することはできません。留置権が成立するためには、債権がその物に関して生じたものであるという「牽連性（けんれんせい）」が必要ですが、二重譲渡のケースではこれが否定されます。根拠判例：最判昭43.6.16（大法廷判決）「二重譲渡において、第一譲受人が売主に対して持つ損害賠償請求権は、売買契約という**『人』の関係の破綻から生まれたものであり、不動産という『物』そのものから生じた**ものではない」と判示されました。法理のポイント（登記制度の保護）：もしここでCに留置権を認めてしまうと、正当に登記を備えたAが、自分とは無関係なB・C間の契約トラブルの尻拭いをさせられることになります。これでは「登記を信じて取引した者が勝つ」という民法177条の原則が骨抜きになってしまうため、牽連性が厳格に判断されています。2. 具体例とメカニズム現状： 売主Bが、Cに売った後に「やっぱりAに高く売ろう」と裏切り、Aに登記を移した。登場人物の状況：A（勝者）： 登記を持っているので、法律上の完全な「所有者」。C（敗者）： 登記がないので所有権を失う。Bに対して「契約違反（履行不能）の損害賠償」という債権を持つ。留置権の不成立：Cが「Bから損害賠償をもらうまで返さない」と粘っても、Aは「その債務（借金）を負っているのはBであって、私ではない」と言えます。Cの債権は建物の修理代（物理的な付加価値）ではないため、所有者Aの権利を邪魔するパワー（留置権）を持ちません。3. 過去問の急所（ここが狙われる！）試験では、**「どの費用の時に留置権が認められるか」**という対比が重要です。債権の内容牽連性Aへの留置権理由有益費（修理代など）あり◯ 成立する物の価値自体に関係するから。二重譲渡の賠償金なし× 成立しない**契約（人）**の裏切りだから。売買代金（転売時）なし× 成立しない同様に契約上の権利に過ぎないから。ひっかけのパターン：「二重譲渡の第一譲受人は、目的物の占有を継続している限り、登記を備えた第二譲受人に対し、履行不能に基づく損害賠償請求権を担保するため留置権を主張できる」→ ×（誤り）4. 周辺知識（同時履行の抗弁権との限界）この問題は、Cが持っているのが**「同時履行の抗弁権」**に過ぎないことを明らかにしています。B（裏切った売主）に対して： 「金を払うまで渡さない」と言える（同時履行）。A（新しいオーナー）に対して： 契約関係がないため、同時履行も留置権も言えない。暗記のポイント：「二重譲渡の裏切りは、物のせいじゃない。だから登記を持ったAには勝てない。」受験生へのアドバイスしゅうさくさんが指摘された「債務者（B）と請求者（A）が別人」というロジックは、エンジニア的に言えば**「データの所有権（Ownership）」と「セッション間の依存関係（Dependency）」の切り分け**です。B・C間の「不履行」というエラーログは、そのセッション内でのみ解決されるべきもので、すでに「コミット（登記）」されてAに渡ったオブジェクトに対して、後から排他ロック（留置権）をかけることはできない、と考えるとシステム的に非常にスッキリしますね。,,,,,Aが乙建物を所有し居住している場合において、Aが、BおよびCに対して甲土地の分割請求をしたときは、甲土地をAに単独所有させ、Aが、BおよびCに対して持分に相当する価格の賠償を支払う、いわゆる全面的価格賠償の方法によって分割しなければならない。,,
BがAの所有する不動産をCに売却し引き渡したが、Aから所有権を取得して引き渡すことができなかった場合、CはAからの建物引渡し請求に対して、Bに対する損害賠償を保全するために留置権の行使をすることはできない,,,,,1. 根拠（条文・法理）結論：Cは、売主Bに対する損害賠償請求権を担保するために、真の所有者Aに対して建物を留置することはできません。留置権が成立するためには、債権がその物に関して生じたものである（牽連性がある）必要がありますが、他人物売買の債務不履行による損害賠償にはこれが認められません。根拠法理：他人物売買における牽連性の否定Cの損害賠償請求権は、Bとの契約から生じた「個人的な権利（債権）」に過ぎず、建物という「物」そのものに付着した負担ではありません。公平の観点：もしここで留置権を認めると、真の所有者Aは、自分が関与していないB・C間の契約トラブルのせいで自分の物を取り戻せなくなります。これは所有権の侵害であり、著しく公平を欠くと判断されています。2. 具体例とメカニズム現状： Bが「自分の持ち物だ」と称してAの土地をCに売ったが、結局BはAから土地を取得できなかった。AがCに「返せ」と要求している。登場人物の相関：引渡し請求権者：A（真の所有者）被担保債権の債務者：B（嘘をついた、あるいは約束を守れなかった売主）不成立のロジック：Cは「Bから損害賠償をもらうまで意地でも返さない」と粘る。しかし、Aは「私は君に売っていないし、Bの借金を肩代わりする義理もない」と突っぱねる。裁判所はAを支持します。Cの怒りの矛先（債権）は「Bという人間」に向いているべきで、「Aの建物」に向けられるべきではないからです。3. 過去問の急所（ここが狙われる！）行政書士試験では、**「修繕費」**を支出した場合との対比が最も狙われます。ケース請求権の内容留置権の成否理由他人物売買の損害賠償契約違反の賠償× 成立しない債務者と請求者が別人。牽連性なし。有益費・必要費の支出建物の修繕費◯ 成立する物の価値自体を高めた費用だから。ひっかけのパターン：「他人物売買の買主Cは、売主Bから目的物の所有権を取得できない場合、Bに対する損害賠償請求権を保全するために、真の所有者Aからの建物引渡し請求を拒むことができる」→ ×（誤り）4. 周辺知識（事務管理としての費用請求）もしCがAの建物だと知らずに、善意で「屋根を修理した」場合は話が変わります。修理代（費用償還）： 修理代については、Aに対しても「事務管理（702条）」や「占有者による費用の償還（196条）」として請求できる可能性があります。この場合の留置権： 修理代（物に関して生じた債権）であれば、その支払いが終わるまでAに対しても留置権を主張できる余地があります。暗記のポイント：「契約のエラー（賠償金）は本人（B）にだけ。建物のメンテ（修理代）は世界（A）に言える。」受験生へのアドバイス「債務者と請求者のズレ」という視点は、実務的にも試験的にも非常に強力なデバッグ手法です。エンジニア的な視点で見れば、他人物売買のエラー（不履行）は「B-C間のプロトコル（契約）」の問題であり、オブジェクト（建物）の「物理層（修理代）」の問題ではありません。Aという外部ユーザーがオブジェクトの正当な所有権を主張してアクセスしてきた場合、B-C間のセッションエラーを理由にアクセスをブロック（留置）することはできない、と整理しておきましょう。,,,,,A、BおよびCが乙建物を共有する場合において、Aが死亡して相続人が存在しないときは、Aの甲土地および乙建物の持分は、BおよびCに帰属する。（ｒ）,,
Cが建物をAに賃貸したが、Aに賃料の不払いがあったため賃貸借契約を解除したところ、Aが建物を占有し続け、有益費を支出したとしても、Cからの建物引渡し請求に対しAは有益費償還請求を保全するために留置権を行使できない,,,,,1. 根拠（条文・法理）結論：賃料不払いで解除された後の占有は「不法占有」となるため、その期間中に支出した費用を理由に留置権を主張することはできません。留置権は、公平の観点から認められる強力な権利ですが、ルールを破っている者（不法占拠者）にまでその保護を与えることはありません。根拠条文：民法295条2項（不法行為による占有開始の禁止）「前項の規定（留置権の成立）は、占有が不法行為によって始まった場合には、適用しない。」法理のポイント（最判昭35.9.16）：解除後の支出： 契約解除後に発生した費用（有益費など）については、295条2項により直接的に留置権が否定されます。解除前の支出： たとえ契約が有効な間に支出した費用であっても、解除後に「金を払うまで居座る」ために留置権を持ち出すことは、信義則（誠実な取引のルール）に反するとして認められません。2. 具体例とメカニズム現状： あなた（C）が貸していた部屋で、借主（A）が家賃を払わず居座り、勝手に高級な壁紙に張り替えた（有益費の支出）。占有のステータス変化：解除前： 適法な占有（賃借人としての権利）。解除後： 不法占有（不法行為）。不成立のメカニズム：Aは「壁紙代を払ってくれるまで、ここを動かない（留置権）」と主張します。しかし、Aはそもそも賃料不払いという債務不履行を起こし、解除されたことで「直ちに立ち退く義務」を負っています。義務違反をしている者が、後から発生した債権を盾に居座り続けることを許すと、大家（C）側の権利が不当に侵害されるため、システム的に留置権の行使がロックされます。3. 過去問の急所（ここが狙われる！）試験では、「占有の開始時」がいつか、そして**「善意・悪意」が関係あるか**が問われます。状況留置権の成否理由適法な占有中の支出◯ 成立する契約が有効な間に修繕した場合。解除後の占有中の支出× 成立しない**不法占有（295条2項）**にあたるため。他人の物を盗んだ後の支出× 成立しない占有の開始自体が不法行為（窃盗）だから。ひっかけのパターン：「賃借人が賃料不払いを理由に賃貸借契約を解除された後、建物の有益費を支出した場合には、当該有益費の償還を受けるまで建物を留置することができる」→ ×（誤り）4. 周辺知識（有益費償還請求権自体の行方）留置権が否定されても、支出した「お金」の請求権まで消えるわけではありません。費用の請求（196条・608条）： AはCに対し、壁紙代（有益費）の支払いを求めること自体は可能です（Cが利益を受けている場合）。裁判所による期限の許与： Cが裁判所に対し「今すぐ払えないので待ってほしい」と請求し、裁判所が期限を認めた場合、その間は債権の弁済期が到来していないことになるため、どのみち留置権は行使できなくなります。暗記のポイント：「**追い出された後（解除後）**の居座りに、留置権という味方はつかない。」アドバイスこの論点は、エンジニア的な視点で見れば「例外処理（Exception）」の優先順位の問題です。本来、有益費の支出は「留置権」というメソッドを呼び出すトリガーになります。しかし、その前提条件として「占有が適法である」というチェックをパスしなければなりません。占有フラグが「Invalid（不法）」に書き換わった後に発生したイベントは、すべて留置権の生成をスキップするように設計されている、と考えるとロジックが繋がりやすくなります。,,A所有の甲土地とB所有の乙土地が隣接し、甲土地の上にはC所有の丙建物が存在している。この場合における次のア〜オの記述のうち、民法の規定および判例に照らし、妥当なものの組合せはどれか。,,,Bが、甲土地に乙土地からの排水のための地役権をA・B間で設定し登記していた場合において、CがAに無断で甲土地に丙建物を築造してその建物の一部が乙土地からの排水の円滑な流れを阻害するときは、Bは、Cに対して地役権に基づき丙建物全部の収去および甲土地の明渡しを求めることができる。,,
敷金返還請求権を保全するために留置権を行使することはできない,,,,,1. 根拠（条文・法理）結論：敷金返還請求権を被担保債権として、建物を留置することはできません。留置権が成立するためには、債権が「その物に関して生じた（牽連性がある）」必要がありますが、敷金については判例によりこれが否定されています。根拠判例：最判昭53.7.17「敷金返還請求権は、賃貸借契約に付随する『敷金契約』に基づくものであり、建物そのものから生じた債権ではない」と判断されました。法理のポイント（発生時期のズレ）：そもそも敷金の返還義務は、**「建物の明渡しが完了した時」**に発生します。明渡しが先、返還が後という時間的な前後関係があるため、「金を返すまで明渡さない」という理屈（留置権や同時履行の抗弁権）は成立しません。2. 具体例とメカニズム現状： あなたが借りていたアパートの契約が終了した。大家さんから「さっさと出ていってくれ」と言われた。あなたの主張： 「入居時に預けた敷金20万円を今すぐ返してくれないなら、返してくれるまでこの部屋を1歩も出ないぞ（留置権）！」不成立のメカニズム：裁判所はあなたの主張を退けます。敷金は、あなたが退去した後に「部屋に傷がないか」「家賃の未払いがないか」を大家さんが確認してから、残額を返す性質のものです。つまり、「まず部屋を空にする」ことが先決であり、まだ中に居座っている段階では、そもそも敷金を返せという権利（債権）自体が確定していないため、それを担保に留置することはできません。3. 過去問の急所（ここが狙われる！）試験では、**「修繕費（有益費）」との対比、および「同時履行の抗弁権」**との関係がセットで問われます。債権の種類留置権の成否理由建物の修繕費◯ 成立する建物に直接かけたお金だから（牽連性あり）。敷金返還請求権× 成立しない明渡しが先であり、建物自体の負担ではないから。造作買取請求権× 成立しないエアコン等の「造作」代金であり、建物ではないから。ひっかけのパターン：「賃借人は、賃貸借契約の終了に伴う敷金返還請求権を担保するため、敷金の支払いを受けるまでは当該建物を留置することができる」→ ×（誤り）4. 周辺知識（同時履行の抗弁権も否定）この論点は、物権（留置権）だけでなく、債権（同時履行の抗弁権）の文脈でも登場します。同時履行の抗弁権（533条）：判例（最判昭49.9.2）により、建物の明渡し義務と敷金の返還義務は同時履行の関係にはないと明言されています。理由：大家さんは、建物が返ってきてからでないと、敷金から差し引くべき損害額を確定できないため。暗記のポイント：「修理代は建物から。敷金は契約から。**空っぽ（明渡し）**にするのが先。」受験生へのアドバイス「敷金」をエンジニア的な視点で見れば、これは「セッション終了後の後処理（クリーンアップ）」のためのデポジットです。プロセスが完全に終了（明渡し）し、リソースの解放が確認されてからでないと、デポジットの返却処理は走りません。まだプロセスが実行中（占有中）に返却を要求してデッドロック（留置）させることは、システムの設計上（法理上）許されない、とイメージしましょう。,,,,,A・B間で、乙土地の眺望を確保するため、甲土地にいかなる工作物も築造しないことを内容とする地役権を設定し登記していた場合において、Cが賃借権に基づいて甲土地に丙建物を築造したときは、Bは地役権に基づき建物の収去を求めることができる。,,
不動産の保存の先取特権を直ちに登記した場合、同一不動産上に登記された既存の抵当権に優先する,,,,,1. 根拠（条文・法理）結論：不動産の保存・工事の先取特権を登記した場合、それ以前に設定・登記されていた抵当権よりも優先して弁済を受けることができます。本来、不動産に関する権利の優劣は「登記の前後（早い者勝ち）」が原則ですが、これには特別な例外が設けられています。根拠条文：民法339条（不動産の先取特権の順位）「前三条の規定（保存・工事・売買）に従って登記をした先取特権は、後に登記した抵当権に対して優先する。」→ これだけ読むと登記順に見えますが、判例・通説および同条の趣旨により、保存と工事については「先に登記された抵当権」に対しても優先すると解されています。法理のポイント（価値保存の対価）：不動産が壊れそうな時に修理（保存）したり、新築（工事）したりすることは、その不動産の価値を維持・創出することです。これは先に抵当権を設定していた者にとっても、担保価値を守ってもらうメリットがあるため、その費用を最優先で回収させてあげるべきだという理屈です。2. 具体例とメカニズム現状： A銀行が、Bの所有するビルに10年前から抵当権（第1順位）を登記している。ビルが老朽化し、倒壊の危険があったため、C業者が緊急補修工事を行った。権利の発生：Cは工事完了後、直ちに「保存の先取特権」を登記した。競売時の配当順位：第1位：C業者（保存の先取特権）第2位：A銀行（10年前の抵当権）結果：10年早く登記していたA銀行を差し置いて、C業者が最優先で修理代金を回収できます。3. 過去問の急所（ここが狙われる！）行政書士試験では、不動産の先取特権3種（保存・工事・売買）のうち、どれが抵当権に勝てるかが頻出です。先取特権の種類既存の抵当権への優先登記のタイミング（要件）不動産保存◯ 優先する保存行為の完了後、直ちに（326条）不動産工事◯ 優先する工事を始める前に費用予算額を登記（327条）不動産売買× 優先しない売買契約と同時に（328条）ひっかけのパターン：「不動産売買の先取特権を登記した者は、その登記より前に設定されていた抵当権よりも優先して弁済を受けることができる」→ ×（誤り）（理由：売買の先取特権は、抵当権との間では登記の前後で決まります。勝てるのは保存と工事だけです。）4. 周辺知識（保存と工事の順位）もし「保存」と「工事」の両方が競合した場合はどうなるでしょうか。保存 vs 工事（330条1項1号）：同じ不動産について保存と工事が競合した場合、「保存」が第1位、「工事」が第2位となります。※ 理由：今あるものを守る（保存）方が、新しく作る（工事）よりも緊急性が高いと考えられるためです。暗記のポイント：「保存と工事は、タイムスリップして抵当権を追い越せる。でも売買は、普通に列に並ばなければならない。」受験生へのアドバイス不動産保存の先取特権は、エンジニア的な視点で見れば、システムがクラッシュしそうな時にあてる「緊急パッチ（Hotfix）」のようなものです。通常の機能追加（売買）はリリース順（登記順）に処理されますが、システムの崩壊を防ぐ緊急パッチ（保存）は、既存のすべてのプロセスを止めてでも最優先で適用される、という優先制御（Priority Control）が働いていると考えると、この例外的な強さも納得がいくはずです。,,,,,甲土地が乙土地を通らなければ公道に至ることができない、いわゆる袋地である場合において、Cが、Aとの地上権設定行為に基づいて甲土地に丙建物を建築し乙土地を通行しようとするときは、Cは、甲土地の所有者でないため、Bとの間で乙土地の通行利用のため賃貸借契約を結ぶ必要がある。,,
不動産工事の先取特権は、工事によって生じた不動産の価格が現存する場合に限り、その増加額についてのみ存在する,,,,,"1. 根拠（条文・法理）結論：不動産工事の先取特権は、工事による不動産の「価格の増加が現存する場合」に限り、その「増価額」についてのみ行使できます。根拠条文：民法327条2項「前項の先取特権は、工事によって生じた不動産の価格の増加が現存する場合に限り、その増価額についてのみ存在する。」法理のポイント（公平の原則）：工事によって不動産の価値が 1,000万円から 1,200万円に上がった場合、先取特権が主張できるのは増えた分の 200万円（および利息等）が上限です。もともとの 1,000万円分は、先にいた抵当権者などの「取り分」として確保されます。2. 具体例とメカニズム現状： 時価 5,000万円のビルがある。ここにC業者が 1,000万円かけて外壁塗装や設備更新の工事を行った。工事後の評価： ビルの時価が 5,800万円になった（800万円の増価）。先取特権の範囲：C業者は 1,000万円の工事代金債権を持っていますが、先取特権として優先弁済を受けられるのは、現存する増価額である800万円までです。残りの代金：残りの 200万円については、先取特権のない「一般債権」として回収を図るしかありません。3. 過去問の急所（ここが狙われる！）行政書士試験では、「保存」と「工事」の要件の違いが非常に細かく問われます。項目不動産保存（326条）不動産工事（327条）増価額の制限なし（全額OK）あり（増価額のみ）登記のタイミング保存行為の完了後直ちに工事を始める前に予算を登記優先順位第1位（工事に勝つ）第2位（保存に負ける）ひっかけのパターン：「不動産工事の先取特権は、工事に要した費用の全額について、既存の抵当権に優先して弁済を受けることができる」→ ×（誤り）（理由：増価額が現存する範囲に限定されます）4. 周辺知識（登記の厳格なルール）不動産工事の先取特権を有効にするためには、非常に高いハードル（事前登記）を越える必要があります。予算額の登記（327条1項）：工事を始める前に、「だいたいこれくらいかかります」という予算額を登記しなければなりません。事後の確定：工事が終わった後、実際にいくらかかったかを再度明確にする必要があります。この「事前登記」を忘れると、たとえ価値が爆上がりしても先取特権を主張できなくなるため、実務上は非常に強力かつ注意が必要な規定です。暗記のポイント：「保存は事後で全額OK。工事は事前登記が必要で、増えた分（増価額）だけ。」受験生へのアドバイス不動産工事の先取特権は、エンジニア的な視点で見れば「資産価値（Property Value）へのパッチ適用」です。既存のシステム（不動産）の基本機能に影響を与えず、新機能（工事）によって追加された付加価値（増価分）のみに課金（優先弁済）を認めるという、非常に厳密なリソース配分のロジックになっています。事前予約（予算登記）が必要な点も、バースト的なリソース消費を防ぐための予約システムのようなものだとイメージすると、手続きの厳格さが理解しやすくなります。",,,,,Aは、自己の債務の担保として甲土地に抵当権を設定したが、それ以前に賃借権に基づいて甲土地に丙建物を築造していたCからAが当該抵当権の設定後に丙建物を買い受けた場合において、抵当権が実行されたときは、丙建物のために、地上権が甲土地の上に当然に発生する。,,
不動産売買の先取特権では、不動産の代価またはその利息の弁済がされていない旨を登記しなければならないが、その優劣は登記の前後による,,,,,1. 根拠（条文・法理）結論：不動産売買の先取特権の順位は、登記の前後によって決まります。先に登記された抵当権には勝てません。根拠条文：民法339条・340条340条（登記）：「不動産の売買の先取特権の効力を保存するためには、売買契約と同時に、不動産の代価又はその利息の弁済がされていない旨を登記しなければならない。」339条（順位）： 登記した先取特権は、その後に登記した抵当権に対して優先します。法理のポイント（登記順の原則）：保存や工事は不動産の「物理的価値」を守るためのものですが、売買は単なる「権利の移転」です。そのため、登記制度の基本である「早い者勝ち（対抗要件の原則）」が適用され、先に列に並んでいる抵当権者（銀行など）を追い越すことは許されていません。2. 具体例とメカニズム現状： あなた（売主）がBに土地を売ったが、Bは代金の半分しか払っていない。そこで「売買の先取特権」を登記した。ケースA（あなたの勝ち）：あなたが売買と同時に先取特権を登記し、その翌日にBが銀行から融資を受けて「抵当権」を登記した場合。→ $\text{先取特権} > \text{抵当権}$ となり、あなたが優先されます。ケースB（あなたの負け）：あなたが先取特権の登記を忘れている間に、Bが銀行で抵当権を登記してしまった場合、あるいは売買より前にすでに抵当権が設定されていた場合。→ $\text{抵当権} > \text{先取特権}$ となり、銀行が優先されます。3. 過去問の急所（ここが狙われる！）行政書士試験では、「同時性」の要件と**「既存の抵当権に勝てるか」**の組み合わせが頻出です。先取特権の種類登記のタイミング既存の抵当権への優先不動産保存保存行為の完了後直ちに◯ 優先する不動産工事工事を始める前に予算額を◯ 優先する不動産売買売買契約と同時に× 優先しないひっかけのパターン：「不動産売買の先取特権は、売買契約と同時に登記すれば、その不動産について既に登記されていた抵当権に優先して弁済を受けることができる」→ ×（誤り）（理由：追い越せるのは「保存」と「工事」だけです。）4. 周辺知識（同時登記の厳格さ）売買の先取特権を有効にするためには、実務上極めて厳しい制約があります。「売買契約と同時」の解釈：判例上、これは非常に厳格です。所有権移転登記を申請した後に、別途先取特権の登記をしても、それは「同時」とはみなされず、先取特権の効力を失う（単なる債権になる）リスクがあります。実際の利用シーン：現代の不動産取引では、売買代金を全額払ってから所有権を移すのが一般的であるため、この先取特権が利用されるケースは稀ですが、試験対策としてはこの「同時性」がキーワードになります。暗記のポイント：「保存と工事はチート（抵当権超え）ができる。売買は、律儀に同時に登記して、登記順のルールに従う。」アドバイス不動産売買の先取特権をエンジニア的に捉えると、これは「トランザクションの原子性（Atomicity）」を保証するためのフラグのようなものです。所有権の移転（Commit）と同時に、未払い代金という「未処理のタスク（先取特権）」をデータベース（登記）に書き込まなければなりません。後から書き込もうとしても「セッション切れ」で無効になるような厳格な時間制約（同時性）がある一方で、既存のプロセス（既登録の抵当権）を割り込んで停止させる権限（特権順位）は与えられていない、という構造になっています。,,,,,Cが、地上権設定行為に基づいて甲土地上に丙建物を築造していたところ、期間の満了により地上権が消滅した場合において、Aが時価で丙建物を買い取る旨を申し出たときは、Cは、正当な事由がない限りこれを拒むことができない。,,
債権者が不動産の先取特権者の登記をした場合、第三取得者に対し先取特権を行使できる,,,,,1. 根拠（条文・法理）結論：登記された不動産の先取特権は、その後にその不動産を譲り受けた第三者に対しても行使できます。不動産先取特権は、登記することによって「物権」としての強力な対抗力（追及力）を持ちます。根拠条文：民法341条（不動産の先取特権の対抗力）不動産の先取特権の登記に関する規定（337条〜340条）は、その登記後に不動産を取得した第三者に対しても、先取特権を行使することを妨げません。法理のポイント（対抗要件の原則）：不動産の場合、登記さえしておけば「この不動産には未払いの代金（または修理代など）の負担が付いている」ということが世の中に公示されます。したがって、後から買った人はその負担を知ることができる立場にあるため、先取特権者はその人から不動産を取り上げて競売にかけることができるのです。2. 具体例とメカニズム現状： 売主CがBに建物を売り、同時に「売買の先取特権」を登記した。Bは代金を全額払わないまま、建物をAに転売し、Aへの所有権移転登記も完了した。Cの権利行使：Cは、現在の所有者であるAに対し、「この建物には私の先取特権がついている。代金が支払われないので、この建物を競売にかける」と主張できます。結果：Aが「私はBから正当に買ったんだ！」と主張しても、Cが先に登記を備えている以上、Aは建物を競売にかけられるリスク（または代わりに支払うリスク）を負うことになります。3. 過去問の急所（ここが狙われる！）行政書士試験では、「動産」の先取特権との違いが最大級のひっかけポイントです。項目動産の先取特権（333条）不動産の先取特権（341条）第三取得者への行使不可（引き渡されたら終了）可能（登記があればOK）公示の方法占有（引き渡し）登記制度の趣旨取引の安全を最優先登記による公示を信頼ひっかけのパターン：「不動産の先取特権者は、債務者がその不動産を第三取得者に引き渡した後は、たとえ登記を備えていたとしても、当該第三取得者に対して先取特権を行使することができない」→ ×（誤り）（理由：動産（333条）のルールと混同させようとする典型的な罠です。不動産は登記があれば行使可能です。）4. 周辺知識（物上代位との関係）もし不動産が売却された場合、先取特権者には2つの選択肢が生まれます。不動産自体を追っかける（341条）： 上記の通り、第三取得者から競売にかける。売買代金を差し押さえる（304条）： 債務者（B）が第三取得者（A）から受け取る「転売代金」を、払われる前に差し押さえる（物上代位）。暗記のポイント：「動産は渡（引渡し）したらサヨナラ。不動産は書（登記）いたらどこまでも追っかける。」受験生へのアドバイス動産の先取特権（333条）と不動産の先取特権（341条）の結論の逆転は、試験直前に必ず混乱するポイントです。エンジニア的な視点で見れば、動産は「ステートレスなプロトコル（持ち主が変われば履歴が消える）」であり、不動産は「ステートフルなデータベース（登記というログに記録されていれば、オブジェクトが移動しても属性が保持される）」のようなものです。「登記という永続ストレージ」に書き込まれている限り、所有者というユーザーが入れ替わっても、先取特権というアクセス制限は有効であり続ける、とイメージしておきましょう。,,,,,※民法210条の規定による通行権を有する者は、その通行する他の土地の損害に対して償金を支払わなければならず、1年ごとにその償金を支払うこともできる。,,
同一の不動産に保存の先取特権と工事の先取特権が競合する場合、保存の先取特権が優劣する,,,,,1. 根拠（条文・法理）結論：不動産の先取特権相互間では、「保存」が第1位、「工事」が第2位、「売買」が第3位という順序になります。この順位は、登記の前後に関わらず、項目の性質によって固定されています。根拠条文：民法330条1項第1位：不動産の保存（326条）第2位：不動産の工事（327条）第3位：不動産の売買（328条）法理のポイント（緊急性の原則）：今ある不動産が壊れるのを防ぐ「保存」は、最も緊急かつ不可欠な行為です。これに対し「工事」は新たな価値を加える行為、「売買」は権利の移転に過ぎません。既存の価値を守った者を最優先にするのが、公平の観点から合理的であると考えられています。2. 具体例とメカニズム現状： 一つのビルに対し、以下の3つの債権者がそれぞれの先取特権を登記している。C業者： 屋根の崩落を防ぐ緊急修理をした（保存）。B業者： 内装を豪華にリニューアルした（工事）。Aさん： 以前このビルを売ったが代金をまだもらっていない（売買）。競売時の配当順位：まず**C業者（保存）**が全額回収する。残ったお金から**B業者（工事）**が回収する（増価額の範囲内）。さらに残れば**Aさん（売買）**が回収する。たとえAさんの売買登記が一番古くても、C業者の保存登記が一番新しくても、この「保存 ＞ 工事 ＞ 売買」の序列は覆りません。3. 過去問の急所（ここが狙われる！）行政書士試験では、**「不動産先取特権同士の順位」と、以前整理した「抵当権との順位」**を混ぜて聞いてきます。順位種類既存の抵当権との関係第1位不動産保存抵当権より優先する第2位不動産工事抵当権より優先する（増価額のみ）第3位不動産売買登記の前後で決まる（抵当権に負けることが多い）ひっかけのパターン：「同一の不動産について不動産の保存、工事および売買の先取特権が競合する場合、それぞれの登記の前後によってその優先順位が決まる」→ ×（誤り）（理由：登記順ではなく、種類によって 1:保存、2:工事、3:売買と決まっています。）4. 周辺知識（同一順位の競合）もし、同じ種類の先取特権が複数発生した場合はどうなるでしょうか？同一順位の競合（330条2項）：例えば、保存の先取特権を持つ業者が2人いた場合、これらは「早い者勝ち」ではなく、それぞれの債権額の割合に応じて按分（あんぶん）して弁済を受けます。暗記のポイント：「不動産三兄弟は、長男（保存）、次男（工事）、三男（売買）。登記がいつであっても、兄貴には逆らえない。」アドバイス不動産先取特権の優先順位をエンジニア的な視点で見れば、これは「静的な優先度（Static Priority）」の割り当てです。通常の登記（抵当権など）は、キューに投入された順序（登記順）で処理される「動的な優先度」ですが、不動産先取特権にはオブジェクトの型ごとにハードコードされた優先順位が設定されています。特に「保存（緊急パッチ）」が「工事（機能追加）」よりも高いプライオリティを持つのは、システムの安定稼働（不動産の維持）を最優先するカーネルの設計思想に近いと言えます。,,,,,※分割によって公道に通じない土地が生じたとき、他の分割者の土地のみ通行することができ、償金を支払うことを要しない。,,
動産質権者が第三者に占有を奪われた場合、占有回収の訴えによってのみ、その質物を回復できる,,,,,1. 根拠（条文・法理）結論：Cは、売主Bに対する損害賠償請求権を被担保債権として、真の所有者Aに対して留置権を行使することはできません。留置権が成立するためには、その債権が「その物に関して生じた（牽連性がある）」必要がありますが、他人物売買の不履行による損害賠償にはこれが認められません。根拠法理：他人物売買における牽連性の否定他人物売買において、買主が取得する損害賠償請求権は、売主（B）との間の売買契約という「人」の関係から生じたものであり、目的物という「物」自体から生じた負担ではないと解釈されます。公平の原則：もしここで留置権を認めると、全く無関係な所有者Aが、B・C間の契約トラブルの犠牲となり、自分の物を取り戻せなくなります。これはAに対してあまりに過酷であり、公平の観点から認められません。2. 具体例とメカニズム現状： Bが、Aの所有する土地を「自分のものだ」としてCに売り、引き渡した。しかし、BはAから所有権を取得できず、AがCに対して「私の土地だから返せ」と請求してきた。登場人物の相関：引渡し請求権者：A（真の所有者）被担保債権の債務者：B（契約上の約束を守れなかった売主）不成立のメカニズム：Cは「Bから損害賠償をもらうまで返さない（留置権）」と主張します。しかし、Aは「私はその契約に関与していない。Bの債務（借金）のために私の所有権が制限される理由はない」と反論できます。判例はこのAの主張を認めます。Cの持つ債権（損害賠償）は、建物の修理代（物理的なコスト）のような物権的な性質を持たないため、第三者であるAには対抗できません。3. 過去問の急所（ここが狙われる！）試験では、**「どの債権であれば第三者に対抗できるか」**という対比が極めて重要です。被担保債権の内容牽連性Aへの留置権理由有益費・必要費（修理代等）あり◯ 成立する物の価値を維持・向上させた費用だから。他人物売買の賠償金なし× 成立しない売主Bの不履行（契約上の問題）だから。二重譲渡の賠償金なし× 成立しない同様に契約上のトラブルに過ぎないから。ひっかけのパターン：「他人物売買の買主は、売主が目的物の所有権を取得して買主に移転することができない場合、売主に対する損害賠償請求権を担保するため、真の所有者からの返還請求を拒むことができる」→ ×（誤り）4. 周辺知識（占有者による費用請求）留置権は否定されますが、Cが占有中に行った「支出」については別の規定が働く場合があります。費用償還請求権（196条）：Cが建物の屋根を修理したなどの「必要費」や、価値を高めた「有益費」を支出していた場合、それは「物に関して生じた債権」となるため、Aに対してその支払いを求め、支払われるまで留置権を主張できる可能性があります。対比のポイント：「契約のトラブル（賠償金）」では居座れないが、「物のメンテナンス代（修理費）」であれば、誰が相手でも居座れる、という区別が重要です。暗記のポイント：「契約のエラー（他人物売買・二重譲渡）は本人間にのみ有効。物理的なコスト（修理代）は物権的に誰にでも言える。」学習のアドバイス留置権の成否を判断する際は、まず「その債権は、物の故障や価値向上という『物理的レイヤー』で発生したものか、それとも契約の裏切りという『契約レイヤー』で発生したものか」を切り分けるのが最も確実です。後者の場合は、債務者以外の第三者が登場した瞬間に、留置権の主張はほぼ否定されます。,,,,,※共有物の分割は、協議が調わないとき、協議ができないとき、分割を裁判所に請求することができる。,,
不動産質権者は登記をしなければ第三者に対抗できない,,,,,"1. 根拠（条文・法理）
結論：その通りです。不動産質権の対抗要件は「登記」であり、登記がなければ第三者に権利を主張することはできません。

不動産に関する物権の得喪（とくそう）および変更は、原則として登記をしなければ第三者に対抗できないという不動産物権変動の一般原則（177条）に従います。

根拠条文：民法177条、361条（準用）
不動産質権については、抵当権に関する規定が準用されるため、不動産登記法などの定めに従って登記を備える必要があります。

法理のポイント（動産質権との対比）：
動産質権（353条）が「占有の継続」を対抗要件とするのに対し、不動産質権は「登記」を対抗要件とします。これは不動産取引の安全を確保するための公示制度に基づいています。

2. 具体例とメカニズム
現状： AがBから融資を受ける際、所有する土地に「不動産質権」を設定したが、Bは登記をしていなかった。その後、Aがその土地をCに売却し、Cは所有権移転登記を完了した。

Bの主張： BはCに対し、「この土地には私の質権があるから、返済されるまで返さない（または競売にかける）」と主張したい。

不成立のメカニズム：

Cは登記簿を確認したが、Bの質権は記載されていなかった。

不動産物権の優劣は原則として「登記の前後」で決まるため、登記のないBは、登記を備えた第三者Cに対して質権を対抗（主張）できません。

結果： Bの質権はCに対して無効となり、Bは土地を明け渡さざるを得なくなります。

3. 過去問の急所（ここが狙われる！）
行政書士試験では、「動産質権」と「不動産質権」の対抗要件の入れ替えが最も頻出です。

項目	動産質権	不動産質権
対抗要件	占有の継続（353条）	登記（177条）
設定の要件	物の引渡し（要物契約）	物の引渡し（要物契約）
占有を奪われた時	占有回収の訴えのみ	質権（登記）に基づく返還請求も可能
ひっかけのパターン：
「不動産質権者は、その目的物の占有を継続していなければ、これをもって第三者に対抗することができない」→ ×（誤り）
（理由：対抗要件は「占有」ではなく「登記」です。占有は「設定」のために必要ですが、対抗（守り）のためには登記が必要です。）

4. 周辺知識（不動産質権の特質）
不動産質権には、抵当権にはない非常にユニークな（そして試験に出やすい）制限があります。

存続期間の制限（360条）：
不動産質権の存続期間は10年を超えることができません。もし15年と約束しても、法律上は10年に短縮されます。

使用収益権（356条・359条）：
質権者は、原則として質物である不動産を使用・収益できます。その代わり、管理費用や固定資産税などは質権者が負担しなければなりません。また、使用収益できる代わりに、利息を請求することは原則できません（特約で変更可能）。

暗記のポイント：
「動産は持ってる（占有）のが証拠。不動産は書いてある（登記）のが証拠。そして不動産質権は10年が限界。」

学習のアドバイス
不動産質権は「抵当権」と「動産質権」の性質が混ざり合ったような権利です。「対抗要件は抵当権と同じ（登記）」、「設定方法は動産質権と同じ（引渡し）」というように、パーツごとに切り分けて整理すると混乱を防げます。特に「占有を失っても登記があれば大丈夫」という点は、動産質権や留置権との決定的な違いですので、確実に押さえておきましょう。",,,,,※裁判所は現物分割、賠償分割により、分割させることができ、それでも分割できないとき、競売によって分割する。,,
債務者が他人の動産につき質権設定し、債権者が債務者の所有物であると過失なく信じた場合、質権を即時取得する,,,,,1. 根拠（条文・法理）結論：その通りです。動産の即時取得（民法192条）の規定は質権にも適用されるため、債権者は質権を即時取得することができます。本来、権利のない者から質権を設定してもらうことはできませんが、取引の安全を守るために、一定の要件を満たせば有効に質権が成立したとみなされます。根拠条文：民法192条（即時取得）「取引行為によって、平穏に、かつ、公然と動産の占有を始めた者は、善意であり、かつ、過失がないときは、即時にその動産について行使する権利を取得する。」法理のポイント：この「行使する権利」には、所有権だけでなく質権も含まれます。設定者（債務者など）に処分権限がなくても、債権者が過失なく信じて占有を始めたのであれば、法がその信頼を保護します。2. 具体例とメカニズム現状： AがBから借りているパソコンを、自分のものだと嘘をついて債権者Cに質入れし、金を借りた。CはBの所有物であることを知らず、信じることに過失もなかった。権利の発生：Cがパソコンの引渡しを受け、占有を開始した時点で、Cには有効に質権が成立します。真の所有者（B）との関係：BはCに対し、「それは私のものだから返せ」と無償で要求することはできません。Cの質権が優先されるため、Bが取り戻すにはCの債権を代わりに弁済するなどの対応が必要になります。例外（盗品・遺失物）：もしそのパソコンがBから盗まれたものであった場合、Bは盗難の時から2年間は、Cに対して無償で返還を請求できます（193条）。3. 過去問の急所（ここが狙われる！）行政書士試験では、即時取得の**「要件」と「占有の態様」**がよく問われます。特に質権特有のルールに注意が必要です。要件項目内容注意点対象物動産に限る不動産には即時取得はありません。取引行為質権設定契約など相続などは「取引」ではないので不可。善意無過失占有開始時に必要途中で他人の物だと気づいてもOK。占有の取得現実の引渡し等が必要占有改定（元の持ち主に預けっぱなし）では不成立。ひっかけのパターン：「質権設定者が、目的物を以後質権者のために占有する旨の意思表示（占有改定）をした場合であっても、質権の即時取得は成立する」→ ×（誤り）（理由：質権は設定者（債務者）に物を預けたままでは成立しない（345条）ため、即時取得も認められません。）4. 周辺知識（質権設定の「要物性」）質権が即時取得できる前提として、質権の基本的なルールを再確認しましょう。要物契約（344条）：質権は、債権者に目的物を引き渡すことによって初めて効力が生じます。単なる約束（合意）だけでは成立しません。設定者による占有の禁止（345条）：質権者は、設定者（債務者）に代わって占有をさせてはいけません。必ず設定者の手元から離す必要があります。暗記のポイント：「質権も即時取得も、キーワードは**『引渡し』**。手元に引き寄せて初めて権利が守られる。」学習のアドバイス質権の即時取得は、民法192条の「所有権」を「質権」に読み替えるだけのシンプルな論点ですが、「占有改定」では認められないという点が非常に強力な「落とし穴」として用意されています。質権は「物を奪って心理的圧迫を与える」という本質を思い出せば、手元に実物がない状態での即時取得が否定される理由も腑に落ちるはずです。,,,,,※地上権には約定期間がなく、永久とすることも可能だが、賃借権は最長50年、永小作権は20〜50年と定めがある。,,
不動産質権者は設定者の承諾を得ずとも、目的不動産の用法に従ってその使用収益をすることができる,,,,,"1. 根拠（条文・法理）結論：その通りです。不動産質権者は、設定者の承諾を得ることなく、目的不動産の用法に従ってその使用および収益をすることができます。これは、不動産を「占有」するだけでなく、そこから得られる利益を債権の回収に充てることが、不動産質権という権利のデフォルト（原則）として設定されているためです。根拠条文：民法356条「不動産質権者は、質権の目的である不動産の用法に従い、その使用及び収益をすることができる。」法理のポイント（抵当権との違い）：抵当権が「所有者に使わせたまま、価値だけを担保にする」のに対し、不動産質権は「債権者が取り上げて、自分で使うか他人に貸して収益を得る」という強力な支配を認めています。この使用収益権がある代わりに、後述する「利息の請求ができない」というバーター（引き換え）の関係が成立しています。[Image showing the rights of a real estate pledgee to use, profit, and maintain property]2. 具体例とメカニズム現状： あなたがAさんにお金を貸し、Aさんが所有するアパートを「質」にとった。Aさんの引き渡しを受け、不動産質権の登記も完了した。使用・収益のアクション：自分で使う： あなたがそのアパートの1室を自分の事務所として使うことができます。他人に貸す： あなたがアパートを第三者に賃貸し、その賃料（収益）を受け取ることができます。承諾の要否：これらの行為をするために、いちいちオーナーであるAさんの承諾を得る必要はありません。制限：「用法に従い」という制限があるため、住宅用アパートを勝手に工場に改造するような使い方は認められません。3. 過去問の急所（ここが狙われる！）行政書士試験では、「動産質権」との違い、および**「特約による変更」**の可否が頻出です。比較項目動産質権不動産質権使用収益権原則としてなし（298条2項準用）あり（356条）承諾の要否必要（勝手に使えない）不要（当然にできる）利息の請求可能不可（特約がなければ）管理費用の負担設定者（債務者）負担質権者負担ひっかけのパターン：「不動産質権者は、特段の合意がない限り、あらかじめ設定者の承諾を得なければ、目的不動産を第三者に賃貸して収益を得ることはできない」→ ×（誤り）4. 周辺知識（管理費用と利息の関係）不動産質権者が「タダで使える」代わりに負わされる「コスト」についても整理しましょう。管理費用の負担（357条）：不動産の使用収益ができる代わりに、固定資産税の支払いや、建物の維持管理費用は、質権者が負担しなければなりません。利息請求の否定（358条）：使用収益によって利益を得ているとみなされるため、貸したお金に対する「利息」を請求することはできません。特約の自由（359条）：上記の「管理費負担」「利息なし」というルールは、当事者間で「やっぱり利息を取る代わりに費用はオーナーが払う」と決める（特約を結ぶ）ことで、逆転させることができます。暗記のポイント：「不動産質は『大家さん代行』。承諾なしで貸していい（収益）けど、税金と修理代は自分持ち。その代わり利息はナシ。」学習のアドバイス不動産質権の最大の特徴は、この「使用収益権」です。抵当権が「所有者に使わせる」のに対し、不動産質権は「債権者が奪って使う」という対極の構造を意識してください。試験問題で「使用収益に承諾が必要か？」と問われたら、「これは抵当権ではなく、不動産質権という強力な『占有権的担保』の話だ」と瞬時に切り替えることがポイントです。",,留置権に関する次の記述のうち、民法の規定および判例に照らし、妥当なものはどれか。,,,留置権者は、善良な管理者の注意をもって留置物を占有すべきであるが、善良な管理者の注意とは、自己の財産に対するのと同一の注意より軽減されたものである。,,
質権は債権などの財産権の上に設定することができる,,,,,1. 根拠（条文・法理）結論：質権の目的は、譲渡可能な「財産権」であれば原則として何でも対象になります。根拠条文：民法362条質権は、財産権をその目的とすることができる。前項の質権については、この節（権利質）に定めるもののほか、その性質に反しない限り、前三節（総則・動産質・不動産質）の規定を準用する。法理のポイント：権利を質に取るということは、その権利が持つ「価値」を支配するということです。そのため、**「他人に譲り渡すことができる権利」**であることが大前提となります。譲渡できない権利（一身専属的な権利など）には質権を設定できません。2. 具体例とメカニズム現状： AがBに100万円を貸している。Bは手元に現金はないが、Cに対して持っている「貸付金債権（100万円）」がある。権利質の設定：Bは、自分がCに対して持っている「100万円を返せという権利（債権）」を、Aのための担保として差し出します。権利行使の方法（366条）：もしBがAに借金を返さなかった場合、質権者Aは、Bを飛び越して直接Cに対して「Bに返すはずだった100万円を、私（A）に直接払え」と請求することができます。物権的性質：これは単なる代位（肩代わり）ではなく、質権という「物権」に基づく力であるため、Bが破産した場合などでもAは優先的に回収できる強力なパワーを持ちます。3. 過去問の急所（ここが狙われる！）試験では、**「債権」を質に取った場合の対抗要件（第三者への守り）**が頻出です。債権譲渡のルールが準用されます。対象となる権利対抗要件（守りの固め方）根拠条文指名債権（普通の借金など）第三債務者への通知 または 承諾364条（467条準用）証券的債権（手形など）証券の交付（裏書が必要な場合も）363条株式株主名簿への記載（振替株式は口座の記録）会社法等ひっかけのパターン：「債権を目的とする質権の設定は、設定者（債務者）と質権者（債権者）の合意のみによって効力が生じ、第三債務者への通知は設定の要件ではない」→ ◯（正しい）（※注意：効力発生は合意でOKですが、第三者に対抗するには通知や確定日付が必要です。この「成立」と「対抗」の区別を狙ってきます。）4. 周辺知識（取立権の制限）権利質を設定した後の、元の債権者（B）の自由度はどうなるでしょうか。債権の消滅行為の禁止（365条）：質権設定者（B）は、質権者（A）の同意を得ない限り、勝手に債権を免除したり、内容を変更したりして、質権の価値を減らすことはできません。供託の請求（366条3項）：もし質権の被担保債権（A→B）がまだ期限前なのに、質に入れられた債権（B→C）が先に期限を迎えた場合、質権者AはCに対して「お金を供託所に預けろ」と請求し、自分の債権を守ることができます。暗記のポイント：「権利質は譲れる権利なら何でもOK。対抗要件は債権譲渡と同じ（通知・承諾）。直接取り立てができるのが最大の特徴。」学習のアドバイス権利質は、物理的に物を「握る」ことができないため、イメージが湧きにくい分野ですが、本質は「債権譲渡に近い担保」だと考えると理解が早まります。特に行政書士試験では、「債権譲渡（467条）」の対抗要件（確定日付のある通知など）とセットで出題されることが多いため、民法総則・債権の知識とリンクさせて整理しておきましょう。,,,,,留置権者は、債務者の承諾を得なければ、留置物について使用・賃貸・担保供与をなすことができず、留置権者が債務者の承諾を得ずに留置物を使用した場合、留置権は直ちに消滅する。,,
抵当権の効力は従物にも及び、従物に個別に対抗要件を具備しなくとも、第三者に対抗できる,,,,,1. 根拠（条文・法理）結論：抵当権の効力は、原則として抵当不動産の「付加一体物（ふかいったいぶつ）」および「従物」に及びます。主たる不動産の登記があれば、従物についても対抗力が発生します。根拠条文：民法370条（抵当権の範囲）「抵当権は、抵当不動産に付加してこれと一体を成した物（付加一体物）に及ぶ。」法理のポイント（従物主分の原則）：民法87条2項は「従物は、主たる物の処分に従う」と定めています。抵当権の設定も一種の「処分」にあたるため、主たる物に設定された抵当権は当然に従物にも及びます。対抗要件の承継：「主たる物について登記があれば、その効力は当然に従物にも及ぶ」とするのが判例の立場です。これにより、抵当権者は従物（例：取り外せる畳や建具、別棟の物置など）についても、個別の登記なしに第三者に優先権を主張できます。2. 具体例とメカニズム現状： あなた（銀行）が、Aさんの「宅地」と「その上の建物」に抵当権を設定し、登記した。この建物のすぐ横には、建物の利便性を高めるための「石灯籠（いしどうろう）」や「取り外し可能な物置（従物）」があった。抵当権の実行：Aさんが返済できなくなり、あなたが建物を競売にかけた場合。効力の範囲：建物の登記さえあれば、物置や石灯籠に「抵当権設定」の札を貼ったり、個別に登記をしたりしていなくても、これらは建物と一緒に競売にかけられます。後から現れた第三者が「この物置は俺が買ったんだ」と主張しても、あなたは建物の登記を盾に「いや、私の抵当権の範囲内だ」と言い返すことができます。3. 過去問の急所（ここが狙われる！）試験では、「設定前からあったか、後からついたか」、および**「分離された場合」**の扱いが問われます。対象抵当権の効力注意点設定時に存在した従物◯ 及ぶ判例により確定している。設定後に付加された従物◯ 及ぶ370条により、後からついた物にも及ぶ。分離して搬出された従物△ 条件付き第三者が即時取得しない限り、返還請求可能。ひっかけのパターン：「抵当権の設定後に目的不動産に付加された従物については、抵当権設定登記の後に付加されたものである以上、抵当権の効力は及ばない」→ ×（誤り）（理由：設定の前後を問わず、実行時に一体であれば効力は及びます。）4. 周辺知識（付加一体物と従物の区別）実務上、370条の「付加一体物」と87条の「従物」は区別されますが、抵当権の効力が及ぶという点では結論が同じになります。付加一体物（付合物）：庭木や石垣のように、建物や土地と一体化して分離が困難なもの。従物：物置や畳のように、独立した物ではあるが、主たる物の利用を助けるために設置されたもの。暗記のポイント：「**主（メイン）**にかけた魔法（抵当権）は、**従（サブ）**にも自動でかかる。登記という魔法の書は一冊で足りる。」学習のアドバイス抵当権の効力範囲は、試験において「建物賃借人」や「第三取得者」との争点になる非常に重要な基礎知識です。「主たる物の運命に従う」という原則が、登記という対抗要件のレベルでも貫かれていることを理解しておくと、複雑な事例問題でも迷わなくなります。,,,,,建物賃借人が賃料不払いにより賃貸借契約を解除された後に当該建物につき有益費を支出した場合、賃貸人による建物明渡請求に対して、賃借人は、有益費償還請求権を被担保債権として当該建物を留置することはできない。（ｒ）,,
借地上の建物に抵当権が設定された場合、その建物の抵当権の効力は、借地権に及ぶ,,,,,1. 根拠（条文・法理）結論：建物の抵当権の効力は、その建物を利用するために不可欠な権利である「借地権」にも当然に及びます。根拠判例：最判昭40.9.21「建物の所有を目的とする土地賃借権は、建物という主たる物の利用に供される従たる権利であるから、建物への抵当権設定は、原則として土地賃借権にも及ぶ」と判示されました。法理のポイント（経済的一体性）：もし建物の抵当権が実行されて第三者が建物を買い取った際、借地権がついてこなければ、その建物は「不法占拠」の状態になり、取り壊される運命になってしまいます。これでは抵当権の担保価値がなくなってしまうため、建物と土地利用権は運命を共にすると解釈されています。2. 具体例とメカニズム現状： BさんはAさんから土地を借りて（借地権）、その上に自分の建物を建てた。Bさんは銀行Cから融資を受ける際、この「建物」に抵当権を設定した。抵当権の実行時：Bさんが返済できず、銀行Cが建物を競売にかけた。Dさんがその建物を落札（競落）した。権利の移転：Dさんは「建物の所有権」だけでなく、土地を利用する**「借地権」もセットで取得**します。これにより、Dさんは地主Aさんに対して「私が新しい借主です」と主張できるようになります（※ただし、賃借権譲渡には地主の承諾または裁判所の代諾が必要です）。3. 過去問の急所（ここが狙われる！）試験では、「従物」との類似性や、「地主の承諾」との関係が問われます。項目内容結論効力の範囲借地権（土地賃借権・地上権）◯ 及ぶ地主の承諾競売による借地権の移転必要（ただし裁判所が代わりの許可を出せる）登記の要否借地権への個別の登記不要（建物の登記があれば対抗できる）ひっかけのパターン：「借地上の建物に抵当権が設定された場合、抵当権設定登記に借地権についての記載がない限り、その効力は借地権には及ばない」→ ×（誤り）（理由：従たる権利として当然に及ぶため、個別の記載や登記は不要です。）4. 周辺知識（賃借権譲渡の承諾）抵当権の効力が及ぶとしても、地主（賃貸人）との関係では注意が必要です。民法612条の原則： 賃借権を他人に譲るには、地主の承諾が必要です。競売時の救済（借地借家法20条）：競売で建物を買った人が地主に「名義を書き換えてくれ」と頼んでも拒否された場合、裁判所に対して**「地主の承諾に代わる許可」**を求めることができます。これにより、円滑な権利移転が担保されています。暗記のポイント：「建物の抵当権は、足元の**権利（借地権）**まで掴んでいる。建物だけ売られても、地面がなきゃ立てないから。」学習のアドバイス「主たる物（建物）」と「従たる権利（借地権）」の関係は、先ほど整理した「主物」と「従物」の関係と非常によく似ています。どちらも「メインの権利が動けば、サブの権利もセットで動く」という一貫したロジックで動いています。不動産を単なる「ハコ」として見るのではなく、それを維持するための「権利のセット」として捉えるのが、物権法を攻略するコツです。,,,,,Aが自己所有建物をBに売却し登記をB名義にしたものの代金未払のためAが占有を継続していたところ、Bは、同建物をCに転売し、登記は、C名義となった。Cが所有権に基づき同建物の明渡しを求めた場合、Aは、Bに対する売買代金債権を被担保債権として当該建物を留置することはできない。,,
CがBから建物を買戻特約付売買で購入し、Bの債権者であるAのために抵当権を設定し、登記を備えた。その後、Cは買戻権を行使した場合、Aは、CがBに有する買戻代金債権を物上代位できる,,,,,1. 根拠（条文・法理）結論：買戻権が行使されると不動産上の抵当権は消滅しますが、抵当権者は「買戻代金」を差し押さえることで債権を回収できます。根拠条文：民法581条（買戻しの対抗力）、304条（物上代位）買戻しの特約は、売買契約と同時に登記しておけば、第三者（抵当権者Aなど）に対抗できます。買戻権が行使されると、Cの所有権は遡及的に消滅するため、Cの所有権を前提としていたAの抵当権も消滅します。法理のポイント（物上代位の適用）：抵当権が消滅して、代わりにCに「買戻代金（お金）」が入ってくる場合、その代金は不動産の**「価値変形物」**とみなされます。したがって、抵当権者Aは、その代金がCに支払われる前に差し押さえることで、優先弁済を受けることができます（最判昭54.12.18）。2. 具体例とメカニズム現状： B（元売主）がC（買主）に建物を売ったが、「5年以内なら買い戻せる」という特約を登記した。その後、CがBの借金のためにAに抵当権を設定した。買戻権の行使：Bが「やはり買い戻す」と言って、Cに売買代金と費用を支払った。抵当権の運命：登記上、買戻特約（1番）が抵当権（2番）より先にあるため、Bは抵当権の負担がない状態で建物を取り戻せます。抵当権者Aは、建物を競売にかけることができなくなります（抵当権の消滅）。救済措置（物上代位）：Aは、BからCに支払われるはずの**「買戻代金」を、現実に支払われる前に差し押さえ**ます。これにより、Aは建物ではなく「お金」から優先的に回収を図ることが可能になります。3. 過去問の急所（ここが狙われる！）試験では、**「抵当権が存続するかどうか」と「代金への物上代位ができるか」**の組み合わせが問われます。状況抵当権の成否抵当権者の救済買戻特約の登記がある場合消滅する買戻代金に物上代位できる買戻特約の登記がない場合消滅しない（Bに対抗可）（そもそもBが対抗できない）ひっかけのパターン：「買戻特約付売買の買主が、当該不動産について抵当権を設定し登記を備えた場合、売主が買戻権を行使しても、抵当権者の同意がない限り、抵当権は消滅しない」→ ×（誤り）（理由：買戻特約が先に登記されていれば、抵当権者の承諾なく消滅します。その代わりの物上代位です。）4. 周辺知識（物上代位のルール）物上代位を行うための「鉄則」を再確認しましょう。払渡し前の差し押さえ（304条1項但書）：BがCにお金を払ってしまった後では、物上代位はできません。必ず**「払渡しまたは引渡し前」**に差し押さえる必要があります。対象となるもの：買戻代金のほか、目的物が火災で燃えた時の「保険金」や、目的物を賃貸した時の「賃料」なども物上代位の対象になります。暗記のポイント：「買戻しが来たら抵当権は消える。でも代金を**差し押さえ（物上代位）**ればセーフ。」学習のアドバイスこの事例において、Cが「Bの債権者のために」抵当権を設定しているという点は、Cが**「物上保証人（ぶつじょうほしょうにん）」**であることを意味します。物上保証人が提供した担保が、買戻しという特殊な事情で消滅する場合であっても、抵当権の「価値を支配する」という性質は損なわれません。不動産という「モノ」から買戻代金という「カネ」に形を変えても、抵当権の効力は追いかけていくことができる、という物上代位の基本原則を適用すれば、迷うことはありません。,,,,,Dが自己所有建物をEに売却し引き渡した後、Fにも同建物を売却しFが所有権移転登記を得た。FがEに対して当該建物の明渡しを求めた場合、Eは、Dに対する履行不能を理由とする損害賠償請求権を被担保債権として当該建物を留置することができる。,,
抵当不動産が転貸された場合、抵当権者は転貸借権に対しては物上代位を行使できない,,,,,1. 根拠（条文・法理）結論：抵当権者は、原則として転貸賃料債権を差し押さえることはできません。根拠判例：最判平12.3.14「抵当権は不動産の価値を支配するものであり、その所有者（設定者）が取得する賃料には及ぶが、賃借人が取得する転貸賃料は、抵当権設定者の権利（価値変形物）ではない」と判示されました。法理のポイント：物上代位（304条）ができるのは、抵当権設定者が受けるべき「売買代金」「賃料」「保険金」などです。転貸賃料は、抵当権設定者ではなく、あくまで**「賃借人」という別人の権利**であるため、抵当権の効力はそこまで追いかけることができないと解釈されています。2. 具体例とメカニズム現状： オーナーA（抵当権設定者）が、B（賃借人）にビルを貸し、BがさらにC（転借人）に貸している。お金の流れ：CはBに「転貸賃料」を払う。BはAに「賃料」を払う。物上代位の範囲：抵当権者（銀行など）は、**「BがAに払う賃料」**を差し押さえることはできます。しかし、**「CがBに払う転貸賃料」**は、Aの持ち物ではないため、原則として差し押さえの対象外となります。理由：もし転貸賃料まで差し押さえられるとすると、抵当不動産の賃借人は、いつ自分の賃料債権（ビジネスの原資）を奪われるかわからず、不安定な立場に置かれてしまいます。これを防ぎ、不動産の利用関係を保護するためのルールです。3. 過去問の急所（ここが狙われる！）試験では、「通常の賃料」と「転貸賃料」の結論の差が明確に問われます。差押えの対象物上代位の可否理由通常の賃料（Aが受取る）◯ 可能オーナーの「交換価値」の現れだから。転貸賃料（Bが受取る）× 原則不可**別人（賃借人）**の固有の権利だから。火災保険金◯ 可能建物が形を変えたものだから。ひっかけのパターン：「抵当権者は、抵当不動産の賃借人が転借人に対して有する転貸賃料債権についても、当然に物上代位権を行使することができる」→ ×（誤り）4. 周辺知識（例外：濫用的なケース）原則として不可ですが、判例は**「例外」**も認めています。例外的に可能な場合：オーナーAと賃借人Bが実質的に同一人物である場合や、物上代位を免れるためにわざと転貸の形をとったなど、**「抵当権者の権利を不当に害し、信義則に反する」**と認められる特段の事情がある場合は、例外的に転貸賃料への物上代位が認められます。暗記のポイント：「賃料はオーナーのものだからOK。転貸賃料は借主のものだからNG。ただし、ぐる（共謀）になって隠すならOK。」学習のアドバイス物上代位の論点は、「誰がそのお金を受け取る権利を持っているか」という属性（帰属）の確認がすべてです。「抵当権設定者（オーナー）の財布に入るはずの金か？」というフィルターを通す癖をつけておけば、転貸賃料のようなひっかけ問題でも、自信を持って「NO」と判断できるようになります。,,,,,※不動産質権では、質権者は使用収益が認められる。,,
抵当権者が、被担保債権につき利息および遅延損害金を請求する権利を有するとき、抵当権者は優先弁債権を行使できるが、その満期となった最後の２年分を超えることはできない,,,,,"1. 根拠（条文・法理）結論：利息その他の定期金、および遅延損害金については、満期となった最後の2年分についてのみ、抵当権の優先弁済権を行使できます。根拠条文：民法375条1項「抵当権者は、利息その他の定期金を請求する権利を有するときは、その満期となった最後の2年分についてのみ、その抵当権を行使することができる。」法理のポイント（後順位者の保護）：もし利息を無制限に優先させてしまうと、先順位の抵当権者が放置している間に利息が膨らみ、後順位の債権者が1円も回収できなくなる恐れがあります。そこで、「2年分」という枠をはめることで、後順位者が計算を立てられるようにしています。2. 具体例とメカニズム現状： A銀行（第1順位）が1,000万円を貸し、利息が年10%（100万円）とする。債務者が5年間1円も払わなかった場合。優先弁済の計算：元本：1,000万円利息：100万円 × 2年 ＝ 200万円合計：1,200万円結果：不動産の売却代金が1,500万円だった場合、A銀行は1,200万円を優先的に受け取り、残りの300万円は第2順位の債権者に回ります。残りの3年分（300万円）はどうなる？：A銀行が受け取れないわけではありません。ただし、抵当権としての優先権はなく、担保のない**「一般債権」**として、他の債権者と同じ列に並ぶことになります。3. 過去問の急所（ここが狙われる！）試験では、**「誰に対して2年分になるのか」という点と、「遅延損害金」**の扱いが問われます。項目内容・結論注意点制限の対象利息・定期金・遅延損害金利息と損害金あわせて2年分です。後順位者がいる場合2年分に制限されるこれが原則のルールです。債務者本人の場合制限されない（全額払え）債務者は「2年分でいいよね」とは言えません。根抵当権の場合2年分の制限なし極度額（上限）の範囲なら何年分でもOK。ひっかけのパターン：「抵当権者は、後順位債権者が存在する場合であっても、債務者に対しては、最後の2年分を超える利息についても抵当権を行使して優先弁済を受けることができる」→ ×（誤り）（理由：優先弁済（競売代金からの回収）は2年分までです。債務者に「請求」すること自体は全額可能ですが、抵当権としての「優先権」は2年分に絞られます。）4. 周辺知識（特別の登記による例外）実は、この「2年分」の枠を広げる方法も条文に記されています。満期後の利息の特記（375条2項）：2年分を超えた利息であっても、その分について**「特別の登記」**をすれば、その登記の時から抵当権を行使できるようになります。ただし、その登記より先にいた後順位者には勝てません。暗記のポイント：「抵当権の利息は2年分がリミット。でもそれは後順位者のため。債務者は全額払うのが当たり前。」学習のアドバイス抵当権の「2年分ルール」を整理する際は、常に「誰が損をするのか（誰を守るためのルールか）」を意識してください。後順位の債権者が「計算違いだ！」と怒らないようにするためのマナーのようなものです。また、この後学習することになる「根抵当権（ねていとうけん）」では、この2年分ルールが適用されないという対比が試験で非常によく狙われます。",,,,,※不動産質権であっても、要物契約であり、契約により、発生する訳ではない。,,
Cがベイベイ銀行との抵当権設定登記後に、CはAへ抵当建物を賃貸し、Aが抵当不動産の交換価値を妨げ、優先弁債権の行使が困難となった場合でなければ、ベイベイ銀行はAに対し妨害排除請求できない,,,,,"1. 根拠（判例：最判平17.3.10）
結論：抵当権者は、目的物の占有によって「優先弁済権の行使が困難」な状況にある場合に限り、自ら妨害排除請求をすることができます。

法理のポイント：
抵当権は、本来は「不動産を使う権利」ではなく「価値を確保する権利」です。そのため、後から入ってきた賃借人Aを追い出すには、「銀行が将来もらえるはずのお金が、Aのせいで減ってしまう」という実害（優先弁済権の行使が困難）が必要です。

直接の明渡しの要件：
さらに、Aに対し「自分（銀行）に直接建物を渡せ」と言うためには、以下の追加条件が必要です。

優先弁済権の行使が困難であること。

所有者Cが適切に管理することが困難であること（Cが逃げている、放置しているなど）。

2. 妨害排除の「2つのルート」
試験で「妨害排除できるか？」と問われた際、以下の2つを使い分けるのがコツです。

① 債権者代位権ルート（Cの権利を代行）
もしAが不法占有者（契約がないのに勝手に居座っているなど）である場合、銀行は所有者Cが持っている「出て行け」という権利を**代位行使（423条）**できます。

条件： Cが自分で排除しないこと。

明渡し先： あくまで「C（所有者）」に返せと言うのが原則です。

② 抵当権ルート（銀行自身の権利：ご提示のケース）
Aが形式上の賃貸借契約を持っている場合や、①の代位行使では不十分な場合です。

条件： ご指摘の通り、**「交換価値の妨害 ＋ 優先弁済権の行使が困難」**であること。

明渡し先： 条件が揃えば「自分（銀行）」への直接明渡しも可能です。

3. 過去問の急所（漢字と用語の微調整）
少し細かい点ですが、法律用語として以下の書き換えを意識しておくと記述式で点数が安定します。

優先弁債権 → 優先弁済権（ゆうせんべんざいけん）：
お金を「済（な）す（払う）」権利ですので、こちらの漢字が一般的です。

妨害排除請求の対象：
「抵当権設定登記後」に占有を始めた者に対してのみ、この法理が強く意識されます。登記より前にいた賃借人には、そもそも対抗できません。

ひっかけのパターン：
「抵当権者は、不法占有者に対し、当然に自己への建物の明渡しを請求することができる」→ ×（誤り）
（理由：まずは所有者に返せと言うのが筋であり、自己への直接明渡しには「所有者による管理が困難」等の付加条件が必要です。）

4. 周辺知識（明渡し猶予：395条）
もしAが妨害目的ではなく、真面目に暮らしている賃借人の場合はどうなるでしょうか。

6ヶ月の猶予： 競売で新しいオーナーが決まった後、Aがそこを住居として使っているなら、6ヶ月間は出て行かなくてもよいという「明渡し猶予」が認められています。これは銀行の妨害排除請求とは別の、弱者保護のルールです。

暗記のポイント：
「銀行が自力で追い出すなら、**『価値が下がって困難』な時。自分への明渡しなら、さらに『オーナーがダメ（管理困難）』**な時。」

アドバイス
この論点は「抵当権はあくまで価値の支配であって、利用の支配ではない」という大原則から出発しています。だからこそ、その原則を破ってまで占有者に干渉するには、銀行側に「このままだと貸した金が返ってこない」という切実な理由が必要になるわけです。",,,,,※転質は、質権設定者の承諾を得なくてもできる。,,
ベイベイの抵当権が実行され、買受人であるIは、Aに対し直ちに妨害排除請求はできず、Iの買受けの時から6か月を経過するまではAは引き渡すことを要しない,,,,,1. 根拠（条文・法理）結論：買受人Iが代金を納付した時から「6か月」が経過するまでは、賃借人Aは建物を引き渡す必要はありません。根拠条文：民法395条1項「抵当権者に対抗することができない建物賃貸借……により建物の使用又は収益をする者であって、……買受人の買受けの時から6か月を経過するまでは、その建物を買受人に引き渡すことを要しない。」法理のポイント（生存権の配慮）：かつては「短期賃貸借保護制度」というものがありましたが、これが悪用（占有屋の温床）されたため廃止され、代わりにこの「明渡し猶予」が導入されました。賃借人に、次の住居を探すための最低限の期間（半年）を認めるという制度です。2. 成立の条件と注意点この猶予を受けるためには、賃借人A側にも守るべきルールがあります。建物の賃貸借であること：この制度は「建物」のみに適用されます。「土地」の賃借人には、この6か月の猶予はありません。相当の対価（賃料相当額）の支払い（395条2項）：買受人Iは、賃借人Aに対し、猶予期間中の建物の使用について「賃料相当額」を支払うよう催告できます。もしAが1か月分以上の支払いを怠り、さらに催告を受けても支払わない場合は、この6か月の猶予という特権を失い、即時に明け渡さなければならなくなります。3. 過去問の急所（ここが狙われる！）行政書士試験では、**「猶予の期間」と「対象となる不動産」**がひっかけのポイントです。項目内容結論猶予期間買受人が代金を納付した時から6か月対象建物の賃貸借土地は対象外賃料の不払い1か月分以上怠った場合猶予が終了するひっかけのパターン：「抵当土地の賃借人は、抵当権実行による買受人に対し、代金納付の時から6か月間は、土地を引き渡すことを要しない」→ ×（誤り）（理由：明渡し猶予は「建物」の賃借人のみの権利です。）4. 前回の「妨害排除」との関係前のやり取りで整理した「妨害排除」との違いをクリアにしておきましょう。妨害排除（17条判例など）： Aが不当な目的で居座り、建物の価値を下げているような「異常な事態」に対する銀行の緊急処置。明渡し猶予（395条）： 競売が終わった後の「正常な手続」において、賃借人の生活を守るための標準的なルール。Aが普通に住んでいるだけであれば、買受人Iは6か月間は「妨害だ！」と言って追い出すことはできない、ということになります。受験生へのアドバイス「6か月」という数字を覚えるのは簡単ですが、実務や試験では「土地には適用されない」という点が非常に強力なひっかけとして機能します。不動産物権変動の中で、建物と土地の扱いの違いを意識する癖をつけておくと、失点を防げます。,,,,,※弁済期前に流質（質権者が所有権を取得すること）はできない。,,
CがAに対して有する賃料債権をBに譲渡し、その旨を内容証明郵便によって行い、ベイベイ銀行が差し押さえを行った場合、AがいまだにDに弁済しないとき、ベイベイの抵当権が実行され、買受人であるIは、Aに対し直ちに妨害排除請求はできず、Iの買受けの時から6か月を経過するまではAは引き渡すことを要しない,,,,,1. 賃料債権の譲渡と物上代位の優劣まず、前提となる債権の争いについて整理します。判例（最判平10.1.30）： 抵当権者が賃料債権を差し押さえた（物上代位）場合、それ以前に賃料債権が第三者（B）に譲渡され、対抗要件が備えられていたとしても、抵当権者が優先します。結果： 賃借人Aが支払うべき賃料は、差し押さえを行ったベイベイ銀行が受け取る権利を持ちます。2. 明渡し猶予制度（395条）の適用「お金を誰に払うか」という問題と、「いつ出ていくか」という問題は法律上切り離されています。6か月の猶予： 抵当権設定登記の後に賃貸借契約を結んだAは、買受人Iに賃借権を対抗できませんが、買受人Iが代金を納付した時から6か月間は建物を引き渡さなくてよいという猶予が与えられます。D（またはB・C）への不払いの影響： Aが以前の権利者（DやB）に対して賃料を滞納していたとしても、そのこと自体で「直ちに妨害排除請求ができる（＝猶予が消える）」わけではありません。3. 猶予期間が終了する例外条件ただし、買受人IはAに対して、この猶予期間を終わらせる手段を持っています。使用対価の支払い催告（395条2項）：買受人Iは、Aに対し「これからの使用料（賃料相当額）」を自分に払うよう求めることができます。猶予の喪失：Aが1か月分以上の支払いを怠り、買受人Iが相当の期間を定めて催告しても支払わない場合は、この6か月の猶予は認められなくなり、Iは直ちに明渡しを請求できるようになります。4. 過去問の急所（混同注意！）行政書士試験では、以下の2つの論点が混ざって出題されることがあります。争点結論注目ポイント賃料債権の帰属抵当権者が優先債権譲渡（B）よりも差し押さえが強い。建物の明渡し6か月の猶予あり賃料滞納があっても、基本は半年待つ。猶予の取り消し新オーナーへの不払いで終了「1か月分以上の滞納 ＋ 催告」が必要。ひっかけのパターン：「賃借人が抵当権設定者に対して賃料を滞納している場合、買受人は代金納付後、直ちに妨害排除請求として明渡しを求めることができる」→ ×（誤り）（理由：過去の滞納ではなく、買受人に対する新たな不払いが条件となります。）学習のアドバイスご提示の事例で「D（岩田）」への弁済が滞っている状況は、銀行にとっては物上代位による回収を困難にする要因になりますが、競売後の買受人Iにとっては、Aを即座に追い出す直接の理由にはなりません。「債権の回収（物上代位）」と「不動産の占有（明渡し）」は、別の条文・別の法理で動いていることを意識すると、複雑な事例問題でも正確に正誤を判断できるようになります。,,,,,※留置権は、債務者の承諾得て、賃貸、担保に付すことができる。,,
Aが賃借している建物をベイベイ銀行の抵当権の実行を妨害する目的が認められ、Aの占有により建物の交換価値の実現が妨げられ、ベイベイ銀行の優先弁債権の行使が困難となるような状況があるときで、Cが建物を適切に維持管理することが期待できないとき、ベイベイ銀行は、Aに対し妨害排除請求として直接自己に明渡しを求めることができる,,,,,1. 根拠（最判平17.3.10 の法理）結論：一定の厳しい要件を満たす場合に限り、抵当権者は占有者に対し、自分（銀行）への直接の明渡しを求めることができます。本来、不動産を誰に貸すか、どう管理するかは所有者（C）の自由です。しかし、以下の要件がすべて揃ったとき、抵当権の「妨害排除請求権」が認められます。目的： 占有者に抵当権の実行を妨害する目的があること。実害： 占有により不動産の交換価値の実現が妨げられていること。困難性： 抵当権者の優先弁済権の行使が困難となるような状況があること。管理の欠如： 所有者（C）が適切に維持管理することを期待できないこと。2. 「直接自己への明渡し」の特殊性通常の妨害排除請求では、明渡し先は「所有者（C）」になるのが原則です。しかし、今回のケースのように**「Cが適切に管理できない」**という状況がある場合にのみ、以下のステップを踏むことができます。原則： 「不当な占有者Aは、元の持ち主Cに返せ」と言う。例外： 「Cに返してもまた放置されるだけだから、私（ベイベイ銀行）に直接渡せ」と言う。この「直接自己への明渡し」は、抵当権者に管理権を一時的に認めるような強力な措置であるため、判例は非常に慎重にその要件を定めています。3. 用語の微調整（行政書士試験対策）記述式や多肢選択式で得点を確実にするために、以下の用語を再確認しておきましょう。優先弁済権（ゆうせんべんざいけん）：ご提示いただいた「優先弁債権」は、正確にはこの漢字を使用します。「債」ではなく「済（すます）」です。交換価値の実現：競売によって不動産を現金化することを指します。不当な占有者がいると、買い手が現れなかったり、価格が暴落したりするため、「実現が妨げられている」と表現します。4. まとめ表：妨害排除のパターン占有者の状態請求できる内容根拠・要件単なる不法占有Cへの明渡し所有者の権利を代位行使競売を妨害しているAの排除抵当権に基づく妨害排除所有者Cも放置している銀行への直接明渡し上記4要件のすべてが必要重要ポイント：行政書士試験では、「抵当権は占有を伴わない権利である」という大原則と、この「妨害排除請求」という例外のバランスがよく問われます。,,留置権に関する次の記述のうち、民法の規定および判例に照らし、妥当でないものはどれか。,,,Aは自己所有の建物をBに売却し登記をBに移転した上で、建物の引渡しは代金と引換えにすることを約していたが、Bが代金を支払わないうちにCに当該建物を転売し移転登記を済ませてしまった場合、Aは、Cからの建物引渡請求に対して、Bに対する代金債権を保全するために留置権を行使することができる。,,
AがCの承諾を得てIに転貸借した場合であっても、AがIに対して有する転貸賃料債権を物上代位することはできない,,,,,1. 根拠（判例：最判平12.3.14）結論：抵当権者は、原則として転貸賃料債権を物上代位の対象とすることはできません。法理のポイント：抵当権は、不動産の「所有者（C）」がその不動産から得られる利益を担保にするものです。賃料（CがAから取るもの）： これは所有権に基づく利益なので、抵当権の効力が及びます。転貸賃料（AがIから取るもの）： これは「賃借人（A）」が自分の契約上の権利に基づいて得る利益です。抵当権設定者（C）の利益ではないため、抵当権の効力（価値支配）の範囲外とされます。2. なぜ「承諾」があってもダメなのかCが転貸を承諾しているということは、法律上は「適法な転貸」となりますが、それと「抵当権の効力がどこまで及ぶか」は別問題です。賃借人の地位の保護：もし転貸賃料まで差し押さえられるとすると、賃借人（A）は自分がリスクを取って転貸ビジネスをしても、その収益を抵当権者に奪われることになり、不動産の利用関係が著しく不安定になります。対比：抵当権者は、CがAに対して持っている「本来の賃料債権」を差し押さえれば十分であり、それ以上に賃借人（A）の固有の財産にまで手を出すことは許されないという考え方です。3. 過去問の急所（例外：認められるケース）ただし、試験ではこの**「例外」**が記述式などで狙われることがあります。例外的に物上代位ができる場合：抵当権設定者（C）と賃借人（A）を同一視できるような**「特段の事情」**がある場合。例：賃借人（A）が、物上代位を免れるために作られた実体のない会社（ペーパーカンパニー）である場合。例：CとAが通謀して、あえて不当に低い賃料で貸し、転貸賃料で利益を吸い上げているような場合。ひっかけのパターン：「抵当権者は、抵当不動産の賃借人が適法に転貸をした場合には、その転貸賃料債権を差し押さえることができる」→ ×（誤り）4. まとめ：差し押さえの可否対象物上代位の可否理由通常の賃料（Cが受取る）◯ 可能設定者の受けるべき「交換価値」だから。転貸賃料（Aが受取る）× 原則不可**別人（賃借人）**の権利だから。例外的な転貸賃料◯ 可能法人格の濫用や信義則違反がある場合。,,,,,Aが自己所有の建物をBに売却し引き渡したが、登記をBに移転する前にCに二重に売却しCが先に登記を備えた場合、Bは、Cからの建物引渡請求に対して、Aに対する損害賠償債権を保全するために留置権を行使することができる。（ｒ）,,
根抵当権の被担保債権の範囲は、極度額を限度とする,,,,,1. 根拠（条文・法理）結論：確定期日は合意で自由に設定・変更できますが、「5年ルール」と「事前登記ルール」という2つの厳格な縛りがあります。根拠条文：民法398条の6期間制限（3項）： 確定期日を定める（または変更する）場合、その期日は合意の日から5年以内でなければなりません。変更登記の期限（4項）： 期日を変更する場合、旧期日の到来前に登記を完了させなければ、変更の効力は生じず、元本は当初の期日に確定してしまいます。法理のポイント：根抵当権は「枠」を担保する強力な権利であり、不動産の価値を長く拘束します。そのため、あまりに遠い将来まで確定させないことは、不動産の有効活用を妨げることになります。そこで「5年」という短期間の区切りを設け、更新の都度、当事者に意思確認を促す仕組みになっています。2. 具体例とメカニズム現状： 元本確定期日が「2026年3月31日」と定められている根抵当権がある。期日の変更：債権者と設定者が「あと3年延長しよう」と合意した。「5年ルール」の適用：合意した日から5年を超える日（例：6年後の日付）を新期日にすることはできません。「事前登記ルール」の適用：当初の期日である「2026年3月31日」が過ぎてしまう前に、法務局で変更登記を済ませる必要があります。失敗例： 4月1日に登記所へ行った場合。→ すでに前日の24時をもって元本は確定しており、もう「枠」を動かすことはできません。3. 過去問の急所（ここが狙われる！）試験では、**「誰の承諾が必要か」という点と、「登記を忘れた場合」**の結論が問われます。項目ルール・結論注意点5年ルール設定・変更から5年以内「当初の設定時から5年」ではありません。利害関係人の承諾不要後順位抵当権者の承諾は要りません（398-6 2項）。登記のタイミング旧期日の到来前に完了登記を忘れると、自動的に確定（クローズ）します。定めがない場合いつでも確定請求できる398-19により、当事者から請求可能です。ひっかけのパターン：「元本確定期日の変更をするには、後順位抵当権者その他の第三者の承諾を得る必要がある」→ ×（誤り）（理由：期日の変更は当事者の自由であり、利害関係人の承諾は不要です。）4. 周辺知識（確定後の姿）元本が確定した後の根抵当権はどうなるでしょうか。随伴性の復活： 借金が移動すれば根抵当権も一緒に移動するようになります。付従性の発生： 借金をゼロにすれば根抵当権も消滅するようになります。元本は増えない： 確定後に新しく貸し付けたお金は、もうこの根抵当権では守られません。暗記のポイント：「根抵当の延長（変更）は5年がマックス。タイムリミット（旧期日）までに登記を済ませないと、シャッター（確定）が降りる。」学習のアドバイス確定期日の変更において「利害関係人の承諾が不要」という点は、抵当権の「利息を2年分以上に増やす変更」などの場合と混同しやすいため注意が必要です。根抵当権はあくまで「極度額（上限）」という器の中で動いているため、期間が延びても後順位者の計算（極度額以上の負担はない）は狂わない、と理解しておけば承諾不要の理由も納得しやすいでしょう。,,,,,AがC所有の建物をBに売却し引き渡したが、Cから所有権を取得して移転することができなかった場合、Bは、Cからの建物引渡請求に対して、Aに対する損害賠償債権を保全するために留置権を行使することはできない。,,
元本確定前は、根抵当権の担保すべき債権の範囲を変更することができ、後順位抵当権者その他第三者の承諾は要しない,,,,,"1. 根拠（条文・法理）結論：元本確定前においては、債権が譲渡されたり債務が引き受けられたりしても、根抵当権はその債権を追いかけません（随伴性の否定）。根拠条文：民法398条の7債権譲渡（1項）： 元本確定前に債権を譲り受けた者は、その債権について根抵当権を行使できない。債務引受（2項）： 元本確定前に債務の引受けがあったとき、根抵当権者は、引受人の債務について根抵当権を行使できない。法理のポイント：根抵当権は、特定の借金ではなく、「特定の債権者と債務者の間の取引枠」を担保するものです。そのため、枠の中にある個別の借金だけが外に出たり、別人が枠に割り込んできたりしても、根抵当権という「枠」自体の効力は及ばないように設計されています。2. 具体例とメカニズム現状： A銀行が債務者Bに対して、極度額5,000万円の根抵当権（元本確定前）を持っている。① 債権譲渡（もらう側の視点）Bに対する1,000万円の貸付金債権を、A銀行がCさんに売った（譲渡した）。結果： Cさんは1,000万円を取り立てる権利は得ますが、A銀行が持っている根抵当権を使うことはできません。Cさんの債権は「無担保の借金」になってしまいます。② 債務引受（貸す側の視点）Bの借金を、Dさんが「私が代わりに払います」と引き受けた（免責的債務引受）。結果： A銀行はDさんに対して請求できるようになりますが、元々の根抵当権を使ってDさんの不動産を競売にかける（またはBの不動産から回収する）ことはできません。Dさんの債務も、この根抵当権の枠外となってしまいます。3. 過去問の急所（ここが狙われる！）行政書士試験では、「普通の抵当権」と「根抵当権（確定前）」の挙動の違いが対比で問われます。項目普通の抵当権根抵当権（確定前）随伴性あり（借金と一緒に移動する）なし（借金を追いかけない）債権譲渡譲受人も抵当権を使える譲受人は根抵当権を使えない債務引受引受債務も担保される引受債務は担保されない弁済による消滅借金を返せば消える（付従性）借金を返しても枠は残るひっかけのパターン：「根抵当権の元本確定前において、被担保債権の範囲に属する個別の債権が債権譲渡された場合、譲受人はその債権について根抵当権を行使することができる」→ ×（誤り）4. 周辺知識（例外：元本確定後の挙動）この「追いかけない」ルールは、あくまで確定前の話です。元本確定後（398条の7第4項）：元本が確定した後は、根抵当権も普通の抵当権と同じように「随伴性」が復活します。確定後に債権が譲渡されれば、根抵当権も一緒に移動し、譲受人はそれを行使できるようになります。暗記のポイント：「根抵当権は確定するまで**『枠』の権利。中身の借金**だけが動いても、枠は動かず、ついていかない。」学習のアドバイス根抵当権を攻略するコツは、「確定」というスイッチが入る前と後で、民法のルールがガラッと入れ替わることを意識することです。確定前は「取引の継続性」を重視するため、個別の債権の動きには無頓着（随伴性なし）ですが、確定後は「特定の借金の回収」に特化するため、普通の抵当権と同じ振る舞い（随伴性あり）になります。",,,,,Aが自己所有の建物をBに賃貸したが、Bの賃料不払いがあったため賃貸借契約を解除したところ、その後も建物の占有をBが続け、有益費を支出したときは、Bは、Aからの建物明渡請求に対して、Aに対する有益費償還請求権を保全するために留置権を行使することはできない。,,
根抵当権の元本確定期日は定めることも、変更することもでき、この期日は、定めまたは変更した日から5年以内でなければならず、期日の変更よりも前に登記をしなかったとき、元本は、変更前の期日に確定する　　　　,,,,,"1. 根拠（条文・法理）結論：元本確定後、不動産の所有者（設定者）などは、現在の借金額に「今後2年分の利息等」を加えた額まで、極度額を下げろと請求できます。根拠条文：民法398条の21「元本の確定後、根抵当権設定者は、その根抵当権の極度額を、現に存する債務の額に以後2年間に生ずべき利息その他の定期金及び債務の不履行による損害賠償の額を加えた額に減額することを請求することができる。」法理のポイント：元本が確定すると、根抵当権は「将来増えるかもしれない借金」を担保する役割を終え、普通の抵当権に近い性質になります。そうなれば、必要以上に高い極度額（枠）を維持して不動産の価値を縛り続ける必要がないため、所有者に減額を認めて不動産の有効活用を助ける仕組みです。2. 具体例とメカニズム現状： 極度額5,000万円の根抵当権がある。元本が確定した時点での実際の借金（元本）が2,000万円だった場合。減額請求の計算：現存する元本：2,000万円今後2年分の利息等：例（年10%なら200万円×2年＝400万円）合計：2,400万円アクション：不動産の所有者は、根抵当権者に対して「極度額を5,000万円から2,400万円に下げてください」と請求できます。メリット：極度額が下がれば、その分だけ不動産の「担保余力」が空くため、所有者は別の銀行からお金を借りやすくなります。3. 過去問の急所（ここが狙われる！）試験では、**「誰が請求できるか」と「減額できる範囲」**が入れ替えて出題されます。項目正しい内容注意点請求権者設定者（所有者）・債務者根抵当権者（銀行）側からではありません。タイミング元本確定後に限る確定前はいくら増えるか不明なので不可。減額の範囲現存債務 ＋ 以後2年分の利息等「元本のみ」ではありません。効果請求により当然に減額される形成権としての性質を持ちます。ひっかけのパターン：「元本確定後、根抵当権者は、極度額が現存する債務の額を超えるときは、その額まで極度額を減額しなければならない」→ ×（誤り）（理由：根抵当権者から進んで減額する義務はなく、あくまで設定者からの「請求」がトリガーです。）4. 周辺知識（抵当権の「2年分ルール」との違い）普通の抵当権にも「2年分」という数字が出てきますが、意味が全く異なります。抵当権（375条）： 後順位者がいる場合に、利息を優先的に取れるのが「最後の2年分」に制限される（上限の設定）。根抵当権（398条の21）： 確定後に極度額をどこまで下げられるかという「計算式」としての2年分。暗記のポイント：「根抵当権の減額は、**オーナー（設定者）**の権利。今ある借金 ＋ これから2年分の利息が新しい枠。」学習のアドバイス根抵当権は「枠」を支配する権利であるため、元本が確定して「これ以上借金が増えない」状態になった後は、その「枠」を適正なサイズにリサイズ（減額）する権利が所有者に与えられます。誰がその不動産の価値を自由にしたいと考えているか（＝所有者）を想像すれば、請求の主体を間違えることはなくなります。",,,,,Aが自己所有の建物をBに賃貸しBからAへ敷金が交付された場合において、賃貸借契約が終了したときは、Bは、Aからの建物明渡請求に対して、Aに対する敷金返還請求権を保全するために同時履行の抗弁権を主張することも留置権を行使することもできない。,,
元本確定前に抵当権者から免責的債務引受により被担保債権を譲り受けた者は、根抵当権を行使できず、根抵当権者も引受債務について、抵当権を行使できない,,,,,"1. 根拠（条文・法理）結論：その通りです。元本確定前に債務引受があっても、根抵当権が引受人に随伴することはありません。根抵当権は、元本確定前においては特定の債権と結びついていない「枠」です。そのため、債務が他者に移転しても、根抵当権がその債務を追いかけることはありません（随伴性の否定）。根拠条文：民法398条の7第2項（根抵当権の随伴性の否定）「元本の確定前に債務の引受けがあったときは、根抵当権者は、その引受人の債務について、その根抵当権を行使することができない。」法理のポイント：引受人の立場： 債務を引き受けても、根抵当権という担保は付いてきません（無担保債務になる）。根抵当権者の立場： 引受人に対して根抵当権を主張することはできません。また、元の債務者は債務を免れているため、結局、その根抵当権でこの債務を担保することは不可能になります。2. 具体例とメカニズム現状： A銀行が、Bの土地に極度額5,000万円の根抵当権を設定している（債務者はB）。免責的債務引受： 元本確定前に、CがBの借金を肩代わりし、Bは借金から解放された。結果：A銀行の権利： Cに対して「Bから引き継いだ借金を払え」とは言えますが、Bの土地を競売にかける（根抵当権を行使する）ことはできません。担保の行方： この借金は「無担保」のものとして確定します。例外的な解決策： Cの債務も担保したい場合は、元本確定前に**「債務者の変更」**の手続き（設定者の承諾＋登記）を別途行う必要があります。3. 過去問の急所（ここが狙われる！）行政書士試験では、**「元本確定前」**の随伴性の有無が最大の論点です。タイミング債務引受と根抵当権の効力理由元本確定前行使できない随伴性が否定されるため（398条の7第2項）。元本確定後行使できる普通の抵当権と同じ性質（随伴性あり）になるため。ひっかけのパターン：「元本確定前において免責的債務引受がなされた場合、根抵当権者は当然に引受人の債務について根抵当権を行使できる」→ ×（誤り）「当然に」ではなく、債務者の変更登記がない限り行使できません。4. 周辺知識（債権譲渡との比較）「債権が動く（譲渡）」か「債務が動く（引受）」か、どちらも結論は同じです。確定前の債権譲渡： 譲受人は根抵当権を行使できない（398条の7第1項）。確定前の債務引受： 根抵当権者は引受人の債務に根抵当権を行使できない（398条の7第2項）。暗記のポイント：「元本確定前は**『人（債務者）』も『中身（債権）』**も、枠から外れたら担保は付いてこない」と覚えましょう。受験生へのアドバイスこの論点は、**「随伴性の否定」**という言葉の意味を正確に理解しているかが問われます。アプリ開発のロジックで言えば、確定前の根抵当権は「特定のTransaction ID」ではなく「Customer ID」に紐付いているようなものです。Transaction（債権）が別のCustomer（引受人）に移っても、元のCustomer IDの枠（根抵当権）は適用されない、とイメージすると構造的に理解しやすくなります。",,不動産先取特権に関する次の記述のうち、民法の規定に照らし、誤っているものはどれか。,,,不動産の保存の先取特権は、保存行為を完了後、直ちに登記をしたときはその効力が保存され、同一不動産上に登記された既存の抵当権に優先する。,,
元本確定後、根抵当権者は、極度額の減額請求ができ、その範囲は現存債務の額と以後２年間に生ずべき利息、その他の定期金および債務の不履行による損害賠償請求の額とを加えた額に減額できる,,,,,1. 根拠（条文・法理）結論：元本は、当事者の請求だけでなく、法律で定められた特定の「事由」が発生した際にも自動的に確定します。根抵当権は無期限に続くものではなく、債権回収が必要な局面や、当事者の信用状態に重大な変化があった場合には、その時点の債権額で「枠」を固める（確定させる）必要があります。根拠条文：民法398条の20第1項根抵当権の元本が確定する事由（差し押さえ、破産、競売開始決定など）が列挙されています。法理のポイント：確定事由には「当然に確定するもの」と「解除や取り消しによって確定しなかったことになるもの」があります。特に第三者による差し押さえがあった場合、根抵当権者がそれを「知った時」に確定するというルールは、根抵当権者の取引の安全を守るためのものです。2. 具体例とメカニズム現状： A銀行が、Bの所有する土地に根抵当権を設定している。ケース①：第三者Cが土地を差し押さえた場合Bの他の債権者Cが土地を差し押さえ、裁判所からA銀行に通知が届いた。結果： A銀行がその差し押さえを**「知った時」**に元本が確定します。以降の貸し付けは担保されません。ケース②：債務者Bが破産手続開始の決定を受けた場合結果： Bが破産した時点で元本は当然に確定します。破産後に生じた債権まで担保するのは不合理だからです。ケース③：根抵当権者A銀行自身が競売を申し立てた場合結果： 申し立てた時点で元本は確定します。自ら回収に動く以上、枠を広げておく必要がないためです。3. 過去問の急所（ここが狙われる！）行政書士試験では、**「確定が覆るか（遡及するか）」**という点が最頻出です。確定事由確定のタイミング特記事項根抵当権者による競売申立て申立て時競売が取り消されても、確定の効力は維持される。第三者による差し押さえ根抵当権者が知った時差し押さえが取り消されれば、確定しなかったことになる（原則）。債務者の破産決定時決定の効力が消滅すれば、確定しなかったことになる。ひっかけのパターン：「根抵当権者自身が競売を申し立てた場合、その後に競売の申立てが取り下げられれば、元本確定の効力は遡って消滅する」→ ×（誤り）（理由：自ら申し立てた場合は、取り下げても「確定」したままです。398条の20第2項）4. 周辺知識（確定の効果）元本が確定した後に何が起こるかを整理しましょう。随伴性の発生： 確定後は「普通の抵当権」と同じになり、債権を譲渡すれば根抵当権も一緒に移転します。内容の固定： 債権の範囲や債務者を変更することは一切できなくなります。利息の取り扱い： 極度額の範囲内であれば、2年分を超える利息も担保される点は変わりません。暗記のポイント：「自分で競売を始めたら、途中でやめても確定したまま。他人に差し押さえられたなら、それが消えれば元通り（確定しなかったことになる）」と区別しましょう。受験生へのアドバイス根抵当権の「確定事由」は、行政書士試験の担保物権の中でも正答率に差が出るポイントです。特に「競売の取り消し・取り下げ」の際の結論の違いは、短答式でも記述式でも狙われやすいため、「自爆（自ら申立て）」は後戻りできないと強く意識しておくと、ひっかけに強くなります。,,,,,不動産工事の先取特権は、工事によって生じた不動産の価格の増加が現存する場合に限り、その増価額についてのみ存在する。,,
元本確定前に債権者債務者間で被担保債権の範囲を変更することができ、後順位抵当権者への承諾は不要,,,,,"1. 根拠（条文・法理）
結論：その通りです。元本確定前であれば、後順位抵当権者などの第三者の承諾を得ることなく、自由に債権の範囲を変更できます。

根抵当権は、元本が確定するまでは「どのような種類の借金を担保するか」を柔軟に変更できるのが大きな特徴です。

根拠条文：民法398条の4第1項（根抵当権の範囲等の変更）
「根抵当権の範囲……の変更をするには、後順位の抵当権者その他の第三者の承諾を得ることを要しない。」

法理のポイント：
後順位者は、もともと「極度額」という枠が設定されていることを承知で後から入ってきた人たちです。枠の中身（債権の種類）が「銀行取引」から「手形貸付」に変わったとしても、極度額さえ増えなければ後順位者の計算（配当の期待）は狂わないため、文句を言う権利はないとされています。

2. 具体例とメカニズム
現状： 1. A銀行（1番根抵当権：極度額5,000万円、範囲：銀行取引）
2. B銀行（2番抵当権：債権額2,000万円）

変更： A銀行と設定者が合意して、範囲を「銀行取引および売買取引」に変更した。

後順位者Bの立場： Aの極度額5,000万円という「天井」が変わらない限り、Bが受け取れる配当の枠に影響はありません。そのため、Bのハンコ（承諾）は不要です。

結果： A銀行と設定者の合意だけで変更でき、その旨を登記すれば効力が発生します。

3. 過去問の急所（ここが狙われる！）
行政書士試験では、「承諾が必要なケース」と「不要なケース」の区別が最頻出です。

変更する項目        第三者の承諾の要否        理由
債権の範囲        不要        極度額（枠）が変わらなければ影響がないため。
債務者の変更        不要        同上。
極度額の変更        必要        天井が上がると、後順位者の取り分が減るため。
ひっかけのパターン：
「根抵当権の債務者を変更する場合、利害関係を有する後順位抵当権者の承諾を得なければ、その変更をこれに対抗することができない」→ ×（誤り）
債務者の変更も、債権の範囲の変更と同様に承諾不要です。

4. 周辺知識（変更のタイミング）
変更ができる期間には厳格なルールがあります。

変更の期限： 元本の確定前に限ります（398条の4第1項）。

確定後の変更： 元本が確定した後は、債権の範囲や債務者を変更することは一切できません（普通の抵当権と同じように債権が固定されるため）。

暗記のポイント：
「枠の中身（範囲・債務者）を変えるのは自由だが、**枠の大きさ（極度額）**を変えるときは後順位者に断れ！」と覚えましょう。

受験生へのアドバイス
この「承諾不要」というルールは、根抵当権の機動性をSめるための重要な規定です。試験では「極度額の変更には承諾が必要（398条の5）」という知識とセットで出題されるため、**「極度額だけが特別」**だと整理しておくのが得策です。",,,,,不動産売買の先取特権は、売買契約と同時に、不動産の代価またはその利息の弁済がされていない旨を登記したときでも、同一不動産上に登記された既存の抵当権に優先しない。,,
元本確定前に債権者が債務者に対して有する継続的売買契約に係る売掛金代金債権を第三者に譲渡した場合、その第三者は抵当地に対する根抵当権を行使できない　　★（確定後に行使できる？）,,,,,1. 根拠（条文・法理）結論：その通りです。元本確定前に債権だけを譲渡しても、根抵当権は付いてきません（随伴性の否定）。普通の抵当権は、債権が譲渡されるとセットで移動しますが（随伴性）、根抵当権は元本が確定するまでは特定の債権と結びついていない「枠」にすぎません。そのため、個別の債権が譲渡されても、根抵当権はその債権を追いかけません。根拠条文：民法398条の7第1項（根抵当権の随伴性の否定）「元本の確定前にした債権の譲渡……を受けた者は、その債権について根抵当権を行使することができない。」法理のポイント：元本確定前の根抵当権は、債務者との「継続的な取引」全体を担保するものです。そこから一部の債権（売掛金など）が切り離されて第三者に移ったとしても、その債権は担保の枠から外れ、**「無担保の債権」**となります。2. ★ご質問への回答：確定後に行使できる？結論：できません。ここが受験生の混乱しやすいポイントですが、以下の2つのケースを区別して整理する必要があります。① 元本確定「前」に譲渡された債権結論： 譲渡した瞬間に「無担保債権」として確定してしまいます。理由： 譲渡時に根抵当権が付いていなかった以上、その後に根抵当権の元本が確定したとしても、一度離れてしまった債権が再び担保の枠に戻ることはありません。 したがって、第三者は確定後であっても根抵当権を行使できません。② 元本確定「後」に譲渡された債権結論： 根抵当権を行使できます。理由： 元本が確定した瞬間に、根抵当権は「普通の抵当権」と同じ性質に変わります。確定後に債権を譲渡すれば、随伴性によって根抵当権も一緒に移転するため、譲受人は根抵当権を行使できるようになります。3. 過去問の急所（ここが狙われる！）行政書士試験では、**「どのタイミングで譲渡されたか」**が合否を分けます。債権譲渡のタイミング譲受人の根抵当権行使理由元本確定前不可随伴性が否定されるため（398条の7第1項）。元本確定後可能随伴性が復活（普通抵当権化）するため。ひっかけのパターン：「元本確定前に譲渡された債権であっても、その後に元本が確定すれば、譲受人は根抵当権を代位行使できる」→ ×（誤り）（理由：離れた債権は二度と戻りません）4. 周辺知識（債務引受との比較）債権を譲るのではなく、借金を誰かが肩代わりした場合も同じルールが適用されます。元本確定前の債務引受：債務者が入れ替わっても、根抵当権は新しい債務者の借金を担保しません（398条の7第2項）。免責的債務引受：引受人が借金を背負っても、根抵当権はその引受人のために行使することはできません。暗記のポイント：「確定前は**『枠』が大事。確定後は『特定の借金』**が大事」。枠からこぼれ落ちた（確定前に譲渡された）債権は、もう二度と拾ってもらえないとイメージしましょう。受験生へのアドバイスこの「随伴性の否定」は、根抵当権の機動性を確保するためのルールです。銀行がいちいち債権を売るたびに担保の登記を書き換える手間を省くためのものですが、その結果として「確定前に買った債権には担保が付かない」という厳しい結論になります。,,,,,債権者が不動産先取特権の登記をした後、債務者がその不動産を第三者に売却した場合、不動産先取特権者は、当該第三者に対して先取特権を行使することができる。,,
元本確定前、債権者は、債務者の承諾を得て、根抵当権を第三者に譲り渡すことができる,,,,,"1. 根拠（条文・法理）結論：その通りです。元本確定前であっても、根抵当権者（債権者）は「設定者」の承諾を得ることで、根抵当権を第三者に譲り渡すことができます。これを根抵当権の全部譲渡と呼びます。普通の抵当権は債権とセットでしか動かせませんが（随伴性）、元本確定前の根抵当権は「枠」としての性質が強いため、特定の債権とは切り離して、根抵当権という「権利そのもの」を譲渡することが認められています。根拠条文：民法398条の12第1項（根抵当権の譲渡等）「元本の確定前においては、根抵当権者は、根抵当権設定者の承諾を得て、その根抵当権を譲り渡すことができる。」法理のポイント（承諾の相手方）：譲渡の相手方との合意だけでなく、「根抵当権設定者（不動産のオーナー）」の承諾が効力発生要件となります。2. 具体例とメカニズム現状： A銀行が、Bの土地に極度額5,000万円の根抵当権（範囲：銀行取引）を持っている。譲渡： A銀行がこの根抵当権を丸ごとC銀行に譲ることにした。要件：A銀行とC銀行の譲渡合意。土地オーナーBの承諾。結果： Bの承諾があれば、C銀行が新たな根抵当権者となります。これ以後、C銀行とBとの間の取引がこの根抵当権で担保されるようになります。3. 過去問の急所（ここが狙われる！）行政書士試験では、「誰の承諾が必要か」という点と、「債権の譲渡」との違いが非常に重要です。全部譲渡の承諾権者： 根抵当権設定者（※「債務者」ではない点に注意が必要ですが、通常はオーナーの承諾で足ります）。債権譲渡との違い（超重要）：確定前に「債権」を譲渡した場合： 根抵当権は付いてきません（随伴性の否定）。この場合、設定者の承諾は不要です（通常の債権譲渡と同じ）。確定前に「根抵当権そのもの」を譲渡する場合： 今回のケースであり、設定者の承諾が必要です。ひっかけのパターン：「元本確定前において、根抵当権者は、利害関係を有する後順位抵当権者の承諾を得て、根抵当権を譲り渡すことができる」→ ×（誤り）（理由：後順位者の承諾は不要です。必要なのは「設定者」の承諾です）4. 周辺知識（確定前の根抵当権の処分）確定前にしかできない「根抵当権の処分」には、全部譲渡以外にも以下のようなものがあります。処分の種類内容要件全部譲渡根抵当権を丸ごと譲渡する。設定者の承諾分割譲渡根抵当権を2つに分割して、一方を譲渡する。設定者の承諾一部譲渡根抵当権を共有にする（準共有）。設定者の承諾暗記のポイント：「根抵当権という**『枠』**をいじるとき（譲渡・変更）は、オーナー（設定者）の承諾が必要」と覚えましょう。ただし、後順位者の承諾は不要です。受験生へのアドバイス「債権の譲渡」と「根抵当権の譲渡」は全く別物です。債権を譲渡しても根抵当権は動かない（確定前）。根抵当権を譲渡するには設定者のハンコがいる。この2つのルールを混同しないように整理しておけば、根抵当権の得点源になります。",,,,,同一の不動産について不動産保存の先取特権と不動産工事の先取特権が互いに競合する場合、各先取特権者は、その債権額の割合に応じて弁済を受ける。（ｒ）,,
元本確定後、債務者は、債権者に対し極度額の減額を請求でき、その範囲は、被担保債権額と以後２年間に生ずべき利息その他定期金および債務不履行による損害賠償額を加えた額,,,,,"1. 根拠（条文・法理）結論：その通りです。ただし、請求権者に「債務者」は含まれない点に注意してください。元本確定によって将来の借入リスクがなくなったため、不動産の担保価値を不当に拘束しないよう極度額を下げさせる制度です。根拠条文：民法398条の21第1項（極度額の減額請求）「元本の確定後において、現に存する債権の額が極度額を下回るときは、根抵当権設定者は、その極度額を、現に存する債権の額に以後2年間に生ずべき利息その他の定期金及び債務の不履行による損害賠償の額を加えた額まで減額することを請求することができる。」法理のポイント（請求権者の限定）：この請求ができるのは**「根抵当権設定者（不動産のオーナー）」**です。債務者＝設定者（本人）であれば請求できます。債務者≠設定者（物上保証人など）の場合、債務者自身には減額請求権はありません。2. 具体例とメカニズム現状： 極度額5,000万円。元本が2,000万円で確定した。計算式：現に存する債権額：2,000万円以後2年間の利息等（例）：200万円合計：2,200万円結果： 設定者が請求すれば、根抵当権者の承諾がなくても、極度額は5,000万円から2,200万円に減額されます。これにより、浮いた2,800万円分の枠を他の融資の担保に回せるようになります。3. 過去問の急所（ここが狙われる！）行政書士試験では、「誰が」請求できるか、「いつ」できるかが最大のひっかけポイントです。請求権者： 根抵当権設定者のみ（債務者は、設定者としての立場でしか請求できない）。時期： 元本確定後に限る。金額： 債権額ぴったりではなく、**「以後2年間の利息等」**を加算する。重要ひっかけ：「根抵当権の債務者は、元本確定後、現に存する債権額まで極度額を減額するよう請求できる」→ ×（誤り）（理由：債務者に権利はなく、また「2年分の利息」を加える必要があるため）4. 周辺知識（「2年分」のルールの比較）民法に登場する「2年」という数字を整理して覚えましょう。項目内容根抵当権の減額請求現在の債権額 ＋ 以後2年分の利息等。普通の抵当権の優先弁済利息等は最後の2年分に限る（後順位者がいる場合）。根抵当権の優先弁済極度額の範囲内なら、2年分の制限なし。暗記のポイント：「減額請求はプラス2年」。債権者が将来受け取るはずの利息をある程度保護するために、2年分のバッファを持たせると理解しましょう。受験生へのアドバイス行政書士試験では「債務者は〜請求できる」という記述がよく出ますが、民法において「債務者」と「設定者」は明確に区別されます。この減額請求は**「不動産の価値を取り戻すための権利」**なので、不動産を持っている「設定者」の権利だと紐付けておきましょう。",,質権に関する次の記述のうち、民法の規定および判例に照らし、妥当でないものはどれか。,,,動産質権者は、継続して質物を占有しなければ、その質権をもって第三者に対抗することができず、また、質物の占有を第三者によって奪われたときは、占有回収の訴えによってのみ、その質物を回復することができる。,,
元本が確定し、被担保債権額が極度額を２０００万円を超えた場合、抵当地の地上権を取得した加津は、債権者に極度額を払い渡して抵当権の消滅を請求することができる,,,,,"1. 根拠（条文・法理）結論：その通りです。加津（第三取得者）は、極度額に相当する金額を払い渡すことで、根抵当権の消滅を請求できます。根抵当権において、元本が確定した後に、債権額が極度額を超えてしまった場合の救済措置です。根拠条文：民法398条の22第1項（根抵当権の消滅請求）「元本の確定後において、現に存する債権の額が根抵当権の極度額を超えるときは、他人の債務を担保するためその根抵当権を設定した者（物上保証人）又は抵当不動産について所有権、地上権、永小作権若しくは登記をした賃借権を取得した第三者は、その極度額に相当する金額を払い渡し又は供託して、その根抵当権の消滅を請求することができる。」法理のポイント：債務者本人は全額（極度額超えの分も）払う義務がありますが、加津のような「第三取得者」や「物上保証人」は、極度額まで払えば、担保の拘束から逃れることができるというルールです。2. 具体例とメカニズム設定： 極度額 5,000万円元本確定後： 実際の債権額（元本＋利息等）が 7,000万円（極度額超え）になった。加津の立場： 加津はこの土地の地上権を取得した。消滅請求： 加津は「極度額である 5,000万円」を債権者に支払います。結果： 残りの2,000万円が未払いであっても、加津の請求により根抵当権は消滅します。債権者は、残った2,000万円を債務者本人には請求できますが、土地を競売にかけることはできなくなります。3. 過去問の急所（ここが狙われる！）行政書士試験では、「誰が」消滅請求できるかという主体が非常に重要です。消滅請求ができる人：第三取得者（所有権、地上権、永小作権、登記した賃借権を得た人）物上保証人消滅請求ができない人（超頻出！）：主債務者保証人（連帯保証人含む）※この人たちは、全額（このケースでは7,000万円）払わない限り、文句は言えません。ひっかけのパターン：「根抵当権の元本確定後、債務の額が極度額を超えている場合、主債務者は極度額を払い渡して根抵当権の消滅を請求することができる」→ ×（誤り）4. 周辺知識（抵当権消滅請求との比較）普通の抵当権にある「抵当権消滅請求（379条）」との違いを整理しましょう。項目抵当権消滅請求 (379条)根抵当権の消滅請求 (398条の22)対象となる担保普通の抵当権根抵当権（元本確定後）支払う金額自分が評価した代価（買い取った金額など）極度額そのもの債権者の対抗策承諾するか、競売を申し立てるか選べる（支払いがあれば）必ず消滅する暗記のポイント：「根抵当権の消滅請求は、極度額というフルパワーを払わないと認められない」。普通の抵当権の消滅請求（代価を提示する）よりもハードルがSいと覚えましょう。受験生へのアドバイスこの「398条の22」は、元本確定後にしか使えないという点もセットで押さえてください。また、加津が「地上権」を取得している点は、条文にある「第三取得者」にバッチリ該当します。",,,,,不動産質権は、目的不動産を債権者に引き渡すことによってその効力を生ずるが、不動産質権者は、質権設定登記をしなければ、その質権をもって第三者に対抗することができない。,,
根抵当権について元本確定期日が定められていない場合、根抵当権設定者は、根抵当権の設定から３年を経過したときに元本確定を請求でき、根抵当権者はいつでも元本確定を請求できる,,,,,1. 根拠（条文・法理）結論：その通りです。確定期日の定めがない場合、設定者は「3年経過後」に、根抵当権者は「いつでも」確定請求が可能です。根抵当権は、いつまでも元本が確定しないと不動産の担保価値が不当に拘束され続けるため、当事者の意思によって確定させる手段が用意されています。根拠条文：民法398条の19（根抵当権の元本確定請求）第1項（設定者からの請求）： 「根抵当権設定者は、根抵当権の設定の時から3年を経過したときは、元本の確定を請求することができる。」第2項（根抵当権者からの請求）： 「根抵当権者は、いつでも、元本の確定を請求することができる。」法理のポイント：設定者（オーナー）は、最低3年間は我慢しなければなりませんが、それ以降は確定させて担保枠を空ける権利があります。根抵当権者（銀行など）は、自分の権利を行使（競売など）する前提として、いつでも枠を固めることができます。2. 具体例とメカニズム現状： A銀行がBの土地に根抵当権を設定したが、契約書に「元本確定期日」を書かなかった。ケース①（設定者Bからのアクション）：設定から1年目：Bは確定請求できません。設定から3年が経過：Bは「もうこれ以上借金しないから、ここで枠を固めてくれ」とA銀行に請求できます。確定のタイミング： 請求から2週間が経過した時点で元本が確定します。ケース②（根抵当権者A銀行からのアクション）：A銀行は、設定の翌日であっても「いつでも」確定請求が可能です。確定のタイミング： 銀行が請求した**その瞬間に（直ちに）**元本が確定します。3. 過去問の急所（ここが狙われる！）行政書士試験では、**「3年という期間」と「確定するタイミング（2週間か直ちにか）」**が鋭く問われます。請求者請求できる時期確定するタイミング設定者設定から3年経過後請求から2週間後根抵当権者いつでも直ちにひっかけのパターン：「根抵当権設定者は、確定期日の定めがないときは、いつでも元本の確定を請求することができる」→ ×（誤り）（3年の待機期間が必要です）「根抵当権者が確定請求をした場合、請求から2週間を経過した時に元本が確定する」→ ×（誤り）（銀行からの請求は「直ちに」です）4. 周辺知識（確定期日の変更）もし最初から「確定期日」を定めていた場合のルールも重要です。期日の長さ： 設定から5年以内でなければなりません（398条の6第3項）。期日の変更： 元本確定前であれば変更可能ですが、旧期日から5年を超えることはできません。また、変更の登記を確定前にしないと、旧期日で確定してしまいます。暗記のポイント：「設定者は3年待って2週間後に確定、銀行はいつでも直ちに確定」。この数字とスピード感の違いをセットで覚えましょう。受験生へのアドバイス「2週間」という猶予期間が設定者にだけあるのは、銀行側が債権回収の準備（計算など）をする時間を与えるためです。逆に、銀行が自分で「止める」と言ったなら、猶予は不要なので「直ちに」確定します。このように理由とセットにすると、どちらが2週間だったか迷わなくなります。,,,,,債務者が他人の所有に属する動産につき質権を設定した場合であっても、債権者は、その動産が債務者の所有物であることについて過失なく信じたときは、質権を即時取得することができる。,,
元本確定前に被担保債権の範囲を変更する場合、後順位抵当権者の承諾を要しない,,,,,"1. 根拠（条文・法理）結論：その通りです。元本確定前であれば、後順位抵当権者などの第三者の承諾を得ることなく、自由に債権の範囲を変更できます。根抵当権は、元本が確定するまでは「どのような種類の借金を担保するか」を柔軟に変更できるのが大きな特徴です。根拠条文：民法398条の4第1項（根抵当権の範囲等の変更）「根抵当権の範囲……の変更をするには、後順位の抵当権者その他の第三者の承諾を得ることを要しない。」法理のポイント：後順位者は、もともと「極度額」という枠が設定されていることを承知で後から入ってきた人たちです。枠の中身（債権の種類）が「銀行取引」から「手形貸付」に変わったとしても、極度額さえ増えなければ後順位者の計算（配当の期待）は狂わないため、文句を言う権利はないとされています。2. 具体例とメカニズム現状：A銀行（1番根抵当権：極度額5,000万円、範囲：銀行取引）B銀行（2番抵当権：債権額2,000万円）変更： A銀行と設定者が合意して、範囲を「銀行取引および売買取引」に変更した。後順位者Bの立場： Aの極度額5,000万円という「天井」が変わらない限り、Bが受け取れる配当の枠に影響はありません。そのため、Bのハンコ（承諾）は不要です。結果： A銀行と設定者の合意だけで変更でき、その旨を登記すれば効力が発生します。3. 過去問の急所（ここが狙われる！）行政書士試験では、「承諾が必要なケース」と「不要なケース」の区別が最頻出です。変更する項目第三者の承諾の要否理由債権の範囲不要極度額（枠）が変わらなければ影響がないため。債務者の変更不要同上。極度額の変更必要天井が上がると、後順位者の取り分が減るため。ひっかけのパターン：「根抵当権の債務者を変更する場合、利害関係を有する後順位抵当権者の承諾を得なければ、その変更をこれに対抗することができない」→ ×（誤り）債務者の変更も、債権の範囲の変更と同様に承諾不要です。4. 周辺知識（変更のタイミング）変更ができる期間には厳格なルールがあります。変更の期限： 元本の確定前に限ります（398条の4第1項）。確定後の変更： 元本が確定した後は、債権の範囲や債務者を変更することは一切できません（普通の抵当権と同じように債権が固定されるため）。暗記のポイント：「枠の中身（範囲・債務者）を変えるのは自由だが、**枠の大きさ（極度額）**を変えるときは後順位者に断れ！」と覚えましょう。受験生へのアドバイスこの「承諾不要」というルールは、根抵当権の機動性をSめるための重要な規定です。試験では「極度額の変更には承諾が必要（398条の5）」という知識とセットで出題されるため、**「極度額だけが特別」**だと整理しておくのが得策です。",,,,,不動産質権者は、設定者の承諾を得ることを要件として、目的不動産の用法に従ってその使用収益をすることができる。（ｒ）,,
元本確定後、元本の額が極度額に満たない場合、根抵当権設定者は、根抵当権者に対して極度額を法定額の範囲で減額を請求することができる,,,,,"1. 根拠（条文・法理）結論：その通りです。元本確定後、極度額が現在の債権額よりもSすぎる場合、設定者は減額を請求できます。元本確定によって「今後これ以上借金が増えることはない」という状態になったため、不動産の担保価値を余計に拘束し続けないようにする制度です。根拠条文：民法398条の21第1項（極度額の減額請求）「元本の確定後において、現に存する債権の額が極度額を下回るときは、根抵当権設定者は、その極度額を、現に存する債権の額に以後2年間に生ずべき利息その他の定期金及び債務の不履行による損害賠償の額を加えた額まで減額することを請求することができる。」法理のポイント：債権額ぴったりまで減らすのではなく、**「現在の債権額 ＋ 今後2年分の利息等」**というバッファ（余裕）を持たせた額が法定の基準となります。2. 具体例とメカニズム設定： 極度額 5,000万円元本確定時： 実際の債権額が 2,000万円に確定した。問題点： 借金はもう増えないのに、5,000万円分も担保枠が設定されたままだと、その不動産を他の担保に使うことが難しくなり、所有者が損をします。減額請求： 設定者は「2,000万円 ＋ 今後2年分の利息（例：200万円）」の合計 2,200万円まで極度額を下げろ！と請求できます。結果： 根抵当権者の承諾がなくても、請求によって極度額は法律上当然に減額されます（形成権的性質）。3. 過去問の急所（ここが狙われる！）行政書士試験では、**「いつ」「誰が」「いくらまで」**というディテールが問われます。時期： 元本確定後に限られます（確定前は、今後借金が増える可能性があるため不可）。計算式： 「現在の債権額 ＋ 2年分の利息等」。ひっかけ： 「元本確定前であっても、現に存する債権額が極度額を下回る場合には、減額請求ができる」→ ×（誤り）ひっかけ： 「減額できる額は、現に存する債権額に限られる」→ ×（誤り）（2年分の利息分を含める必要があります）4. 周辺知識（消滅請求との比較）「極度額」に関わるもう一つの重要制度と比較しましょう。制度対象者要件内容減額請求 (398条の21)設定者（オーナー）元本確定後極度額を「債権額＋2年分利息」まで下げる。消滅請求 (398条の22)第三取得者・物上保証人元本確定後極度額と同額を払い、根抵当権を消す。暗記のポイント：「減額請求は2年分の利息を足す」。普通の抵当権の利息制限（最後の2年分）という数字とリンクさせて覚えると忘れにくいです。受験生へのアドバイスこの「以後2年間」というキーワードは、記述式でも狙われやすいポイントです。条文の文言通り「現に存する債権の額に以後二年間に生ずべき利息……を加えた額」とスムーズに出てくるように練習しておきましょう。",,,,,質権は、債権などの財産権の上にこれを設定することができる。,,
元本確定後、元本の額が極度額に満たない場合、根抵当権者は極度額の範囲内で根抵当権を行使し優先弁済を受けることができ、元本に利息や損害金を加えた額も極度額を超えてはならない,,,,,"1. 根拠（条文・法理）結論：その通りです。極度額は「根抵当権者が優先弁済を受けられる上限」であり、元本・利息・遅延損害金のすべてを含めて、この額を超えることはできません。根抵当権は、特定の債権を担保するのではなく、あらかじめ決めた「枠（極度額）」の範囲で不特定の債権を担保するものです。元本が確定した後は、その時点での債権額が確定しますが、優先弁済の枠組みは依然として極度額に拘束されます。根拠条文：民法398条の2第1項（根抵当権）「根抵当権者は、確定した元本並びに利息その他の定期金及び債務の不履行によって生じた損害賠償の全部について、極度額を限度として、その根抵当権を行使することができる。」法理のポイント（普通の抵当権との違い）：普通の抵当権（360条）では、利息や損害金は「最後の2年分」しか担保されませんが、根抵当権の場合は、2年分という制限がなく、極度額に達するまでなら何年分でも担保されます。ただし、合計が極度額を1円でも超えれば、超えた分については根抵当権（優先弁済権）は及びません。2. 具体例とメカニズム設定： 極度額 5,000万円元本確定時： 元本 4,500万円（極度額に満たない）その後の経過： 支払いが滞り、利息と遅延損害金が膨らんだ。パターンA（合計が極度額以下）： 元本 4,500万 ＋ 利息等 400万 ＝ 4,900万円⇒ 全額について根抵当権を行使（優先弁済）できる。パターンB（合計が極度額超過）： 元本 4,500万 ＋ 利息等 800万 ＝ 5,300万円⇒ 5,000万円までしか根抵当権を行使できない（300万円分は無担保債権となる）。3. 過去問の急所（ここが狙われる！）行政書士試験では、**「利息の2年分制限」**との引っかけが頻出です。普通の抵当権： 利息・損害金は最後の2年分に限られる（後順位者がいる場合）。根抵当権： 極度額の範囲内であれば、2年分を超えてもよい。共通点： どちらも「極度額（抵当権の場合は登記された債権額）」が絶対的な上限。ひっかけのパターン：「根抵当権の元本が確定した場合、根抵当権者は、極度額を超えていても、元本確定後に生じた利息については最後の2年分に限り優先弁済を受けることができる」→ ×（誤り）極度額を超えることは、いかなる理由があっても許されません。4. 周辺知識（極度額の減額請求）元本確定後、極度額が大きすぎて設定者（オーナー）が困る場合の救済措置です。制度内容極度額の減額請求（398条の21）元本確定後、現在の債権額に「今後2年分の利息等」を加えた額まで、極度額を下げろと要求できる。根抵当権の消滅請求（398条の22）元本確定後、債務者以外の者（第三取得者など）が、極度額に相当する金額を払って根抵当権を消してくれと頼める。暗記のポイント：根抵当権において、**極度額は「絶対的な天井」**です。何年分の利息が溜まろうが、天井を突き破って優先弁済を受けることはできない、とシンプルに覚えましょう。受験生へのアドバイスこの論点は、**「398条の2第1項」**の文言そのものが正誤判定の基準になります。記述式で「極度額を限度として」という言葉を書かせる可能性もあるため、漢字を含めて正確に覚えておきましょう。",,,,,※動産質権を使用収益するには、設定者の承諾が必要。,,
元本確定前、根抵当権者が根抵当権設定者に対して有する債権の一部をおっさんに譲渡した場合、おっさんは譲渡された債権について根抵当権を行使することはできない,,,,,"1. 根拠（条文・法理）結論：元本確定前であれば、債権の一部を譲渡しても、根抵当権がその債権（おっさん）にくっついて移転することはありません。これを**「随伴性（ずいはんせい）の否定」**と呼びます。根抵当権は、確定するまでは「枠」としての性質が強いため、個別の債権が外に出ても追いかけていかない仕組みになっています。根拠条文：民法398条の7第1項（根抵当権の譲渡等）「元本の確定前にした債権の譲渡……を受けた者は、その債権について根抵当権を行使することができない。」法理のポイント：普通の抵当権は、債権が譲渡されればセットで移転します（随伴性）。しかし、根抵当権は「元本確定前」には特定の債権と密接に結びついていないため、債権だけが譲渡されても根抵当権は移転せず、その債権は「無担保の債権」となります。2. 具体例とメカニズム現状： A銀行がBに対し、極度額5,000万円の根抵当権を設定している。現在、Bには3,000万円の借金がある。債権譲渡： 元本が確定する前に、A銀行がそのうち1,000万円の債権を「おっさん」に譲渡した。結果：おっさんの立場： 1,000万円の債権は持っていますが、根抵当権は付いてきません。つまり、Bが払えないときに不動産を競売にかけることはできません。A銀行の立場： 根抵当権の「枠（5,000万円）」はそのままA銀行に残ります。3. 過去問の急所（ここが狙われる！）行政書士試験では、「元本確定前」か「確定後」かによる違いが最頻出です。元本確定前： 随伴性がない。債権を譲渡しても、根抵当権は移転しない。元本確定後： 随伴性がある。普通の抵当権と同じ状態になるため、債権譲渡に伴って根抵当権も移転する。ひっかけのパターン：「根抵当権の元本確定前において、債権者が債権を譲渡した場合、譲受人はその債権の範囲で根抵当権を代位行使できる」→ ×（誤り）4. 周辺知識（全部譲渡と一部譲渡）受験生が混乱しやすい、確定前の「根抵当権そのもの」を動かす場合との比較です。項目確定前の債権譲渡（今回）確定前の根抵当権の譲渡（398条の12）動くもの個別の「債権」のみ根抵当権という「枠」そのもの随伴性なし（そもそも債権に伴う移動ではない）設定者の承諾不要（債権譲渡の一般原則）必要暗記のポイント：根抵当権は元本が確定して初めて「普通の抵当権」に変身します。**「変身前（確定前）は、債権を譲渡しても根抵当権は付いてこない（随伴しない）」**と強烈に意識しましょう。受験生へのアドバイス根抵当権の随伴性の否定は、記述式でも「確定前」「行使することができない」というキーワードをセットで書かせる可能性があります。また、債務引受（借金の肩代わり）の場合も同様に根抵当権は移転しないので、あわせて押さえておきましょう。",,抵当権の効力に関する次の記述のうち、民法の規定および判例に照らし、妥当なものはどれか。,,,抵当権の効力は抵当不動産の従物にも及ぶが、抵当不動産とは別に従物について対抗要件を具備しなければ、その旨を第三者に対して対抗することができない。,,
集合動産の譲渡担保は、種類、場所、量的範囲を指定することによって特定され、占有改定による引渡しも現実の引渡しにあたる,,,,,1. 根拠（条文・法理）結論：集合動産譲渡担保は「3要素」で特定され、占有改定による引渡しでも対抗要件（引渡し）として有効です。集合動産譲渡担保とは、R庫内の在庫のように中身が入れ替わる動産の集合体を、一つの担保として扱う手法です。判例により、一定の要件を満たせば有効な担保権として認められています。根拠法理（判例）：最判昭和62年11月10日集合物について譲渡担保権を設定するには、以下の3点によって範囲が特定されている必要があります。種類（例：電子部品）場所（例：〇〇R庫内）量的範囲（例：在庫の一切）引渡しの性質：民法178条の「引渡し」には、物理的な移動を伴う現実の引渡しだけでなく、占有改定（183条）も含まれます。譲渡担保は債務者が物を使い続けることが前提であるため、実務上は占有改定が多用されます。2. 具体例とメカニズム現状： 工場Aが、原材料の「鉄板」を銀行Bの譲渡担保に入れた。特定条件は「第1工場内にある鉄板の在庫全て」とした。引渡し： AとBの間で「所有権はBに移すが、AがBのために保管して使い続ける」と合意（占有改定）した。変動と効力：特定： 場所（第1工場）、種類（鉄板）、量的範囲（在庫全て）が明らかなので、有効に成立。対抗要件： 占有改定により、Bは第三者に対して「これは私の担保だ」と主張できる。結果： その後、新しい鉄板が搬入されても、この「3要素」の枠内にある限り、改めて引渡しをしなくても担保権の効力が及びます。3. 過去問の急所（ここが狙われる！）行政書士試験では、「特定」の可否と**「占有改定」の有効性**が問われます。「引渡し」の範囲：「動産に関する物権の譲渡は、占有改定による引渡しによっても、第三者に対抗することができる（178条・183条）」→ ◯（正しい）特定の程度：「場所・種類・量的範囲によって特定されていれば、集合物全体を一個の目的物として譲渡担保権を設定できる」→ ◯（正しい）ひっかけ：「集合動産譲渡担保の設定には、現実の引渡しが必要であり、占有改定によることはできない」→ ×（誤り）4. 周辺知識（同一性の維持）受験生が混乱しやすい、変動する在庫への効力を整理しましょう。項目内容効果搬入された新在庫3要素（枠組み）の中に入ったもの。当然に担保権の効力が及ぶ。搬出された旧在庫通常の営業範囲で販売されたもの。担保権の効力から離脱する。暗記のポイント：集合動産譲渡担保は**「水槽」**をイメージしてください。水槽（場所・種類・量）に一度「銀行の担保」というラベル（占有改定）を貼れば、中身の水（個々の動産）が入れ替わっても、常にラベルの効力が及び続けるという仕組みです。受験生へのアドバイスこの論点は、**「特定されていれば、手続きは一度（占有改定）で済む」**という利便性が重要です。実務上、日々入出庫がある在庫に対し、その都度引渡しを行うのは不可能だからです。「種類・場所・量的範囲」というキーワードが出てきたら、この柔軟なルールを思い出してください。,,,,,借地上の建物に抵当権が設定された場合において、その建物の抵当権の効力は、特段の合意がない限り借地権には及ばない。,,
集合物譲渡担保の設定後、集合物としての同一性が損なわれない限り、譲渡担保権の効力は及ぶ,,,,,1. 根拠（条文・法理）結論：一度占有改定が行われれば、後から搬入された動産にも当然に譲渡担保権の効力が及びます。集合物譲渡担保は、中身が日々入れ替わる在庫などを一つの「集合物」として担保に取る手法です。この場合、構成部分が変動しても、集合物としての同一性が保たれている限り、改めて引渡し（占有改定）をやり直す必要はありません。根拠条文：民法183条（占有改定）「代理人が自己の占有物を以後本人のために占有する意思を表示したときは、本人は、これによって占有権を取得する。」根拠法理（判例）：最判昭和62年11月10日集合物譲渡担保において、①種類、②場所、③量的範囲によって目的物が特定されている場合、一個の集合体として譲渡担保権が成立します。効力の承継：設定時に「占有改定」による対抗要件を備えていれば、その後に新たに搬入された構成部分についても、当然に対抗要件の効力が及ぶと解されています。2. 具体例とメカニズム現状： A社がR庫内の「木材在庫」をB銀行の譲渡担保に入れ、占有改定を完了した。変動： 古い木材が出荷され、新たに別の木材がR庫に運び込まれた。問題点： 新しく入った木材一本一本に対し、その都度「これは担保です」という占有改定が必要か？解決策： 不要です。集合物としての特定（〇〇R庫の木材一切）がなされていれば、新しい木材がR庫に入った瞬間に、既存の譲渡担保権のネットワークに取り込まれます。結果： B銀行は、特段の手続きなしに新しく入った木材に対しても、第三者に対して優先権を主張できます。3. 過去問の急所（ここが狙われる！）行政書士試験では、**「改めて対抗要件を備える必要があるか」**という点が正誤の分かれ目になります。正しい知識：集合物としての同一性を損なわない限り、新たに構成部分となった動産についても、改めて占有改定の手続きをすることなく、対抗要件の効力が及ぶ。ひっかけ：「構成部分が入れ替わった場合、新たな動産については個別に占有改定を行わなければ、第三者に対抗することができない」→ ×（誤り）4. 周辺知識（同一性を保つための特定3要素）効力が自動的に及ぶためには、以下の3要素による「特定」が不可欠です。特定の要素内容種類目的物の内容（例：スチール缶、中古車など）場所存在場所（例：〇〇配送センター第1保管庫）量的範囲どの程度か（例：保管されている在庫の全部）暗記のポイント：集合物譲渡担保は「中身が入れ替わる水槽」のイメージです。水槽そのものに「B銀行の担保」というラベル（占有改定）を貼っておけば、後から注がれた水（新しい在庫）にも、そのラベルの効力が自動的に適用されると理解しましょう。受験生へのアドバイスこの論点は、**「特定されている限り、手続きは一回で済む」**という利便性を押さえるのがコツです。実務上、毎日入出庫がある在庫に対してその都度占有改定を行うのは不可能であるため、このような判例理論が認められています。,,,,,買戻特約付売買の買主が目的不動産について買主の債権者のために抵当権を設定し、その旨の登記がなされたところ、その後、売主が買戻権を行使した場合、買主が売主に対して有する買戻代金債権につき、上記抵当権者は物上代位権を行使することができる。（ｒ）,,
集合物譲渡担保権の設定後、通常の営業の範囲で、譲渡担保設定者は在庫の処分をする権利を有する,,,,,1. 根拠（条文・法理）結論：譲渡担保設定者（債務者）は、通常の営業範囲内であれば、在庫を自由に処分（販売）することができます。集合物譲渡担保は、構成部分が変動する在庫全体を担保にするものですが、債務者がその在庫を販売して利益を上げ、返済原資を作ることを前提とした制度です。根拠法理（判例）：最判昭和62年11月10日集合物譲渡担保の目的物が特定されている場合、債務者は**「通常の営業の範囲」**であれば、構成部分である動産を処分する権限を当然に有すると解されています。占有の性質：債務者が在庫を販売すると、その動産は集合物という担保の枠（バケツ）から外れ、譲渡担保権の効力も消滅します。一方で、新しく仕入れた在庫がバケツに入れば、それには当然に担保権の効力が及びます。2. 具体例とメカニズム現状： 家電量販店Aが、R庫内の「冷蔵庫全在庫」をB銀行の譲渡担保に入れた。営業活動： Aが来店した客Cに対し、担保に入っている冷蔵庫の1台を販売した。権利の動き：販売時： Aには「通常の営業範囲」での処分権限があるため、Cは有効に所有権を取得します。効力の消滅： その冷蔵庫がR庫から搬出され、Cに引き渡された時点で、B銀行の譲渡担保権は消滅します。制限： Aが借金から逃げるために、在庫を一括して他店に投げ売り（処分）するような行為は「通常の営業の範囲」を超えているため、B銀行はこれを差し止めるなどの対抗が可能です。3. 過去問の急所（ここが狙われる！）行政書士試験では、**「譲渡担保権者の承諾が必要か」**という点がひっかけとして出題されます。処分の権限：個々の在庫を販売する際、その都度、譲渡担保権者の承諾を得る必要はありません。第三者の即時取得：もし債務者が処分権限を超えて販売した場合でも、買った客が善意無過失であれば**即時取得（192条）**が成立し、譲渡担保権は消滅します。ひっかけのパターン：「集合物譲渡担保の設定後、設定者が在庫を処分するには、譲渡担保権者の個別の承諾を要する」→ ×（誤り）4. 周辺知識（集合物譲渡担保の特定要素）このルールが適用される大前提として、集合物が以下の3要素で特定されている必要があります。特定要素内容種類例：大型冷蔵庫場所例：春日部物流センター第2R庫量的範囲例：保管されている在庫一切暗記のポイント：集合物譲渡担保は**「流動的な担保」です。債務者が商売を続けられないと返済もできないため、「バケツの中身は自由に入れ替えて良い（ただし、通常の商売に限る）」**という柔軟なルールになっていると理解しましょう。受験生へのアドバイスこの論点は、**「設定者が自由に売れる（担保から外れる）」ことと、「新しく仕入れたら自動的に担保に入る」**ことの裏表の関係が重要です。実務的な必要性から認められたルールであることを意識すると、記憶に定着しやすくなります。,,,,,抵当不動産が転貸された場合、抵当権者は、原則として、転貸賃料債権（転貸賃料請求権）に対しても物上代位権を行使することができる。,,
譲渡担保の目的物の中にカマダ電気が売却したフードプロセッサーが含まれており、譲渡担保設定者が期日までにフードプロセッサー代をカマダ電気に支払わない場合、譲渡担保の債権者がフードプロセッサーにつき占有改定による引渡しを受けたとき、カマダ電気は先取特権を行使できない,,,,,1. 根拠（条文・法理）結論：譲渡担保権者が「占有改定」を受けたとしても、カマダ電気の先取特権は消滅せず、依然として行使可能です。動産売買の先取特権（民法311条5号・322条）は、債務者が目的動産を第三取得者に**「引渡した」後は、もはやその動産に対して行使することができなくなります（民法333条）。しかし、この「引渡し」に占有改定**は含まれないというのが判例の確立した見解です。根拠条文：民法333条（先取特権と第三取得者）「先取特権は、債務者がその目的である動産をその第三取得者に引渡した後は、その動産について行使することができない。」根拠判例：最判昭和32年6月27日民法333条にいう「引渡し」には、占有改定（183条）は含まれないと判示されました。法理のポイント：先取特権は、法律上当然に発生する協力な権利（法定担保物権）です。外見上の占有状態に変化がない「占有改定」だけでこの権利を消滅させてしまうのは、先取特権者の利益を不当に害するため、消滅には物理的な移動（現実の引渡し等）が必要であると解釈されています。2. 具体例とメカニズム現状： カマダ電気（売主）がA（買主）にフードプロセッサーを販売（代金未払いのため、カマダ電気に動産売買先取特権が発生）。譲渡担保： Aが、債権者Bに対してそのフードプロセッサーを譲渡担保に入れ、占有改定（Aがそのまま使い続ける合意）を行った。対立： カマダ電気が代金回収のために差し押さえようとしたところ、譲渡担保権者Bが「占有改定により引渡しを受けたから、君の先取特権は消滅した」と主張した。結果： 占有改定は333条の「引渡し」に該当しないため、カマダ電気の先取特権は消滅していません。 カマダ電気は依然としてフードプロセッサーを差し押さえることができます。3. 過去問の急所（ここが狙われる！）行政書士試験では、「178条（対抗要件）」と「333条（先取特権の消滅）」における引渡しの範囲の違いが鋭く問われます。178条の引渡し（対抗要件）：占有改定を含む。（譲渡担保権者Bは、Aに対して権利を有効に主張できる）333条の引渡し（先取特権の消滅）：占有改定を含まない。（先取特権を消滅させるほどの力はない）ひっかけのパターン：「動産の譲渡担保権者が占有改定による引渡しを受けた場合、当該動産に関する売主の先取特権は消滅する」→ ×（誤り）占有改定では先取特権は消滅しません。4. 整理テーブル「占有改定」による引渡しの有効性を論点ごとに比較しましょう。論点占有改定が含まれるか結論動産物権変動の対抗要件（178条）○ 含まれる譲渡担保の成立・対抗には有効。先取特権の追求力の遮断（333条）× 含まれない先取特権は消滅しない（行使できる）。即時取得の成立（192条）× 含まれない即時取得は完成しない。暗記のポイント：占有改定は「意思表示のみ」の弱い引渡しです。**「他人の強力な法的権利（先取特権）を消滅させたり、奪い取ったり（即時取得）するほどのパワーはない」**とイメージすると、各論点の結論が繋がりやすくなります。受験生へのアドバイスこの問題は、譲渡担保権という「約定担保物権」と、先取特権という「法定担保物権」の優先順位を、占有改定というキーワードで整理させる良問です。333条の引渡しには占有改定が含まれないという結論は、記述式試験でのキーワードにもなり得るため、正確に暗記してください。,,,,,抵当権者が、被担保債権について利息および遅延損害金を請求する権利を有するときは、抵当権者は、原則として、それらの全額について優先弁済権を行使することができる。,,
譲渡担保の目的物にジェイズ電気が売却した低温調理器が含まれており、譲渡担保設定者が期日までに売買代金をジェイズ電気に支払わない場合、ジェイズ電気に所有権が留保される旨が定められていた場合は、譲渡担保の債権者が低温調理器を占有改定による引渡しを受けたときでも譲渡担保権を主張できない,,,,,1. 根拠（条文・法理）結論：譲渡担保権者は、原則として所有権留保特約の付いた動産に対しても譲渡担保権を主張できます（即時取得の成立）。このケースは、「所有権留保付売買の買主」が、さらにその動産を「譲渡担保」に供したという二重の権利関係の衝突です。法理のポイント（即時取得の適用）：譲渡担保権者が、債務者に所有権がないこと（所有権が売主に留保されていること）について善意無過失であれば、占有改定による引渡しを受けることで、譲渡担保権を即時取得できるというのが判例の立場です。本権の性質：所有権留保は一種の担保権であり、外観上は買主がその物を占有しています。譲渡担保権者がその外観を信頼して取引をしたのであれば、保護されるべき対象となります。2. 具体例とメカニズム現状： ジェイズ電気（売主）が、A（買主・譲渡担保設定者）に低温調理器を「代金完済まで所有権を留保する」条件で売却。譲渡担保： Aが、債権者Bに対してその調理器を「譲渡担保」に入れ、占有改定による引渡しを行った。対立： Aが代金を支払わなかったため、ジェイズ電気が「これはうちの物だ」と主張し、Bは「譲渡担保権がある」と主張。判断の分かれ目：Bが「ジェイズ電気の所有権留保」について善意無過失であった場合：Bは譲渡担保権を即時取得し、ジェイズ電気に対して権利を主張できます。Bが知っていた（悪意）、あるいは注意すれば知ることができた（有過失）場合：Bは即時取得できず、ジェイズ電気の所有権が優先されます。3. 過去問の急所（ここが狙われる！）行政書士試験では、**「即時取得と占有改定の関係」**がこの論点の最大のひっかけポイントです。超重要： 原則として、占有改定による即時取得は認められません（最判昭35.2.11）。しかし： 本肢のような「譲渡担保」の文脈では、譲渡担保権者が占有改定を受けた後、**「さらに現実の引渡し」を受けた時点（あるいは債務者の不履行により現実に占有を回収した時点）**で即時取得が完成し、遡及的に有効となると解釈されるケースが多いです。注意！ > 厳密な判例理論では「占有改定のみでは即時取得は完成しない」ため、肢の結論が「主張できない」となるか「主張できる」となるかは、Bがその後に現実の占有を取得したかどうかに依存します。ただし、試験上は「即時取得の成否」の文脈で問われることがほとんどです。4. 周辺知識（所有権留保 vs 譲渡担保）受験生が混乱しやすいポイントを整理しましょう。項目所有権留保（ジェイズ電気）譲渡担保権（債権者B）実質的性質売買代金債権の担保貸金債権等の担保占有の状態手元にない（設定者が占有）手元にない（設定者が占有）対抗関係即時取得（192条）の成否で決まる同上暗記のポイント：「所有権留保」という特約は、当事者間では有効ですが、外部（第三者）からは見えません。 そのため、何も知らない第三者が現れたときは、その第三者の「善意無過失」が守られる（即時取得）という民法の基本原則に立ち返って考えましょう。受験生へのアドバイスこの問題は「占有改定では即時取得が成立しない」という知識と、「譲渡担保と所有権留保の優劣」という実務的知識が混ざった難問です。まずは**「占有改定だけでは、即時取得による権利主張はまだ不完全である（現実の引渡しが必要）」**という点を軸に整理してください。,,,,,※将来発生する特定の債権のために抵当権を設定することができる。（ｒ）,,
,,,,,,,,,,※債権譲渡は、抵当権の払渡し、引渡しに含まれないか。転付命令は、これにあたる。（ｒ）,,
,,,,,,,,,,※転付命令が第三者に送達されるまで、抵当権者が被転付債権の差押えをしなかったとき、抵当権の効力を主張することはできない。（ｒ）,,
,,,,,,,,,,※抵当権を妨害された場合、実行前でも損害賠償請求ができる。（ｒ）,,
,,,,,,,,,,※留置権には物上代位性がない。（ｒ）,,
,,,,,,,Aが所有する甲建物（以下「甲」という。）につき、Bのために抵当権が設定されて抵当権設定登記が行われた後、Cのために賃借権が設定され、Cは使用収益を開始した。この場合に関する次の記述のうち、民法の規定および判例に照らし、妥当なものはどれか。,,,Bの抵当権設定登記後に設定されたCの賃借権はBに対して対抗することができないため、Bは、Cに対して、直ちに抵当権に基づく妨害排除請求として甲の明渡しを求めることができる。,,
,,,,,,,,,,Bの抵当権が実行された場合において、買受人Dは、Cに対して、直ちに所有権に基づく妨害排除請求として甲の明渡しを求めることができる。,,
,,,,,,,,,,AがCに対して有する賃料債権をEに譲渡し、その旨の債権譲渡通知が内容証明郵便によって行われた後、Bが抵当権に基づく物上代位権の行使として当該賃料債権に対して差押えを行った場合、当該賃料債権につきCがいまだEに弁済していないときは、Cは、Bの賃料支払請求を拒むことができない。（ｒ）,,
,,,,,,,,,,Cのための賃借権の設定においてBの抵当権の実行を妨害する目的が認められ、Cの占有により甲の交換価値の実現が妨げられてBの優先弁済権の行使が困難となるような状態がある場合、Aにおいて抵当権に対する侵害が生じないように甲を適切に維持管理することが期待できるときであっても、Bは、Cに対して、抵当権に基づく妨害排除請求として甲の直接自己への明渡しを求めることができる。,,
,,,,,,,,,,CがAの承諾を得て甲をFに転貸した場合、Bは、特段の事情がない限り、CがFに対して有する転貸賃料債権につき、物上代位権を行使することができる。,,
,,,,,,,,,,※抵当権は占有を移転する必要が無いが、質権は移転しなければならない。（ｒ）,,
,,,,,,,根抵当権に関する次の記述のうち、民法の規定に照らし、正しいものはどれか。,,,被担保債権の範囲は、確定した元本および元本確定後の利息その他の定期金の2年分である。,,
,,,,,,,,,,元本確定前においては、被担保債権の範囲を変更することができるが、後順位抵当権者その他の第三者の承諾を得た上で、その旨の登記をしなければ、変更がなかったものとみなされる。,,
,,,,,,,,,,元本確定期日は、当事者の合意のみで変更後の期日を5年以内の期日とする限りで変更することができるが、変更前の期日より前に変更の登記をしなければ、変更前の期日に元本が確定する。（ｒ）,,
,,,,,,,,,,元本確定前に根抵当権者から被担保債権を譲り受けた者は、その債権について根抵当権を行使することができないが、元本確定前に被担保債務の免責的債務引受があった場合には、根抵当権者は、引受人の債務について、その根抵当権を行使することができる。,,
,,,,,,,,,,根抵当権設定者は、元本確定後においては、根抵当権の極度額の一切の減額を請求することはできない。,,
,,,,,,,,,,※根抵当権者は、債務の不履行によって生じた損害賠償の全部について、極度額を限度に、根抵当権を行使できる。（ｒ）,,
,,,,,,,,,,※元本確定前、被担保債権の範囲を変更することができるが、後順位抵当権者の承諾を得る必要はないが、その他第三者の承諾を得なければならない。,,
,,,,,,,,,,※元本確定前に債権の範囲を変更するとき、登記がなければ変更されなかったものとみなされる。（ｒ）,,
,,,,,,,Aは債権者Bのため、A所有の甲土地に、被担保債権の範囲をA・B間の継続的売買に係る売掛代金債権とし、その極度額を1億円とする根抵当権を設定した。この場合に関する次の記述のうち、民法の規定に照らし、誤っているものはどれか。,,,元本確定前に、A・Bは協議により、被担保債権の範囲にA・B間の金銭消費貸借取引に係る債権を加えることで合意した。A・Bがこの合意を後順位抵当権者であるCに対抗するためには、被担保債権の範囲の変更についてCの承諾が必要である。（ｒ）,,
,,,,,,,,,,元本確定前に、Bが、Aに対して有する継続的売買契約に係る売掛代金債権をDに対して譲渡した場合、Dは、その債権について甲土地に対する根抵当権を行使することはできない。,,
,,,,,,,,,,元本確定前においては、Bは、甲土地に対する根抵当権をAの承諾を得てEに譲り渡すことができる。,,
,,,,,,,,,,"元本が確定し、被担保債権額が6,000万円となった場合、Aは、Bに対して甲土地に対する根抵当権の極度額1億円を、6,000万円と以後2年間に生ずべき利息その他の定期金および債務の不履行による損害賠償の額とを加えた額に減額することを請求できる。",,
,,,,,,,,,,"元本が確定し、被担保債権額が1億2,000万円となった場合、甲土地について地上権を取得したFは、Bに対して1億円を払い渡して根抵当権の消滅を請求することができる。",,
,,,,,,,"機械部品の製造販売を行うAは、材料供給者Bと継続的取引関係を結ぶにあたり、A所有の甲土地に、極度額5,000万円、被担保債権の範囲を「BのAに対する材料供給にかかる継続的取引関係から生じる債権」とする第1順位の根抵当権（以下「本件根抵当権」という。）をBのために設定してその旨の登記をした。その後、AはCから事業資金の融資を受け、その債務の担保として甲土地に第2順位の普通抵当権をCのために設定した。この場合に関する次の記述のうち、民法の規定に照らし、明らかに誤っているものはどれか。",,,本件根抵当権について元本確定期日が定められていない場合、Aは、根抵当権の設定から3年が経過したときに元本確定を請求することができ、Bは、いつでも元本確定を請求することができる。,,
,,,,,,,,,,本件根抵当権について元本確定前に被担保債権の範囲を変更する場合、Cの承諾は不要であるが、その変更について元本確定前に登記をしなかったときは、その変更をしなかったものとみなす。,,
,,,,,,,,,,本件根抵当権について元本が確定した後、当該確定した元本の額が極度額に満たない場合には、Aは、Bに対して、極度額を法の定める額に減額することを請求することができる。,,
,,,,,,,,,,本件根抵当権について元本が確定した後、当該確定した元本の額が極度額に満たない場合には、Bは、当該確定した元本に係る最後の2年分の利息、損害金については、極度額を超えても、本件根抵当権を行使して優先弁済を受けることができる。（ｒ）,,
,,,,,,,,,,本件根抵当権について元本が確定する前に、BがAに対して有する材料供給にかかる債権の一部をDに譲渡した場合、当該債権譲渡の対抗要件を具備していても、Dは、当該譲渡された債権について根抵当権を行使することはできない。,,
,,,,,,,,,,※元本が確定する前に、BがAに対して有する債権の一部をEに譲渡した場合、Eが確定日付付きの証書を交付していれば（受ける）根抵当権を行使できる。（ｒ）,,
,,,,,,,Aが家電製品の販売業者のBに対して有する貸金債権の担保として、Bが営業用動産として所有し、甲R庫内において保管する在庫商品の一切につき、Aのために集合（流動）動産譲渡担保権（以下「本件譲渡担保権」という。）を設定した。この場合に関する次の記述のうち、判例に照らし、妥当でないものはどれか。,,,構成部分が変動する集合動産についても、その種類、場所および量的範囲が指定され、目的物の範囲が特定されている場合には、一個の集合物として譲渡担保の目的とすることができ、当該集合物につき、AはBから占有改定の引渡しを受けることによって対抗要件が具備される。,,
,,,,,,,,,,本件譲渡担保権の設定後に、Bが新たな家電製品乙（以下「乙」という。）を営業用に仕入れて甲R庫内に搬入した場合であっても、集合物としての同一性が損なわれていない限り、本件譲渡担保権の効力は乙に及ぶ。,,
,,,,,,,,,,本件譲渡担保権の設定後であっても、通常の営業の範囲に属する場合であれば、Bは甲R庫内の在庫商品を処分する権限を有する。,,
,,,,,,,,,,甲R庫内の在庫商品の中に、CがBに対して売却した家電製品丙（以下「丙」という。）が含まれており、Bが履行期日までに丙の売買代金を支払わない場合、丙についてAが既に占有改定による引渡しを受けていたときは、Cは丙について動産先取特権を行使することができない。,,
,,,,,,,,,,甲R庫内の在庫商品の中に、DがBに対して所有権留保特約付きの売買契約によって売却した家電製品丁（以下「丁」という。）が含まれており、Bが履行期日までに丁の売買代金をDに支払わないときにはDに所有権が留保される旨が定められていた場合でも、丁についてAが既に占有改定による引渡しを受けていたときは、Aは、Dに対して本件譲渡担保権を当然に主張することができる。（ｒ）,,